text,label,source
"I was talking to a friend about this exact thing recently. Reading an actual paper book with physical pages before bed beats scrolling through endless blue-light feeds every single night. To be frank, it really makes you reconsider your habits. Learning to cook as an adult is thrilling because you realize restaurant magic is mostly just generous amounts of butter, garlic, and high heat.",0,Human
"Climate change poses significant ecological and economic risks to global sustainability. Rising greenhouse gas emissions have catalyzed global temperature anomalies, leading to accelerated glacial retreat and frequent meteorological extremes. Addressing this imperative necessitates coordinated multilateral interventions. In addition to these considerations, it is crucial to analyze the broader implications. Urban forestry initiatives provide significant microclimate moderation and air quality improvements in dense metropolitan regions. Furthermore, permeable pavements and green roofs mitigate urban heat island effects while enhancing stormwater management.",1,AI
"Going to the gym consistently is 80 percent mental resistance. Once you put your running shoes on and step through the door, the workout itself is never as bad as lying on the couch dreading it.",0,Human
"Here is my hot take on this: Learning to cook as an adult is thrilling because you realize restaurant magic is mostly just generous amounts of butter, garlic, and high heat. And don't get me started on the rest of it! Reading an actual paper book with physical pages before bed beats scrolling through endless blue-light feeds every single night.",0,Human
"Architectural heritage serves as tangible evidence of civilizational achievements, aesthetic philosophies, and engineering prowess. Conserving historical monuments ensures cultural continuity and enriches our understanding of ancestral societies.",1,AI
Mental health awareness initiatives emphasize destigmatizing psychiatric conditions and expanding access to evidence-based psychological support. Integrative treatment modalities combining behavioral therapy and lifestyle adjustments yield favorable clinical outcomes.,1,AI
"When evaluating modern paradigms, several interconnected factors emerge. Universal design in learning emphasizes inclusive instructional strategies that accommodate diverse cognitive and sensory learning requirements. Accessible instructional media ensures equitable educational access for all learners. Consequently, experts emphasize the need for balanced strategies. Lifelong learning has become a prerequisite for career progression within rapidly evolving knowledge economies. Continuing education modules and modular credentials enable professionals to acquire emergent skills throughout their careers.",1,AI
"Philosophical discourse concerning ethical theory distinguishes between deontological imperatives, consequentialist outcomes, and virtue ethics. Analyzing moral dilemmas through these frameworks clarifies fundamental principles governing societal justice.",1,AI
"When evaluating modern paradigms, several interconnected factors emerge. Autonomous vehicles utilize a combination of computer vision, LiDAR, and radar telemetry to navigate dynamic traffic environments. It is worth noting that sensor fusion algorithms are essential for synthesizing disparate sensory inputs into accurate spatial maps. Consequently, experts emphasize the need for balanced strategies. Software containerization via tools like Docker and Kubernetes streamlines application deployment across heterogeneous environments. This methodology fosters modular development practices and facilitates robust microservices architecture.",1,AI
Here is my hot take on this: Every software update seems to move things around just for the sake of making it look different. Why bury the audio settings three menus deeper than they were last week? And don't get me started on the rest of it! Recycling plastic feels like a personal guilt trip pushed on consumers while massive manufacturing corporations dump tons of untreated runoff into rivers every single hour.,0,Human
"I tried building my own mechanical keyboard last summer. Lubing every individual switch was painfully tedious, but the satisfying clack sound made every cramped finger worth it.",0,Human
"Microbiome research underscores the intricate bidirectional communication pathway between gut flora and neurological systems. Consuming prebiotic fibers and fermented foods supports microbial diversity, conferring systemic physiological benefits. In addition to these considerations, it is crucial to analyze the broader implications. Literary narratives reflect the socio-political dynamics and philosophical inquiries of their respective historical epochs. Authors employ figurative language, thematic allegory, and character arcs to interrogate cultural values and human motivations.",1,AI
"Blockchain technology offers a decentralized ledger system characterized by immutability and cryptographic verification. By eliminating centralized intermediaries, smart contracts facilitate transparent transactions across peer-to-peer networks.",1,AI
Assessment methodologies are increasingly incorporating formative evaluation frameworks alongside traditional summative examinations. This balanced approach provides continuous feedback mechanisms that support incremental learning outcomes.,1,AI
"Here is my hot take on this: Walking through the woods near my childhood home, I noticed the creek where we used to catch tadpoles has completely dried into a muddy trench. It's heartbreaking to see changes happen right before your eyes within a single decade. And don't get me started on the rest of it! The monsoon this year felt completely erratic. Usually, June brings steady downpours, but this time we got three weeks of scorching heat followed by two days of flash floods that submerged the ground floor parking.",0,Human
Good poetry doesn't decorate language; it strips away pretension until only raw emotional truth is left bare on the page.,0,Human
"When evaluating modern paradigms, several interconnected factors emerge. Quantum computing represents a fundamental departure from classical binary computation. Utilizing qubits that exist in superposition states, quantum processors possess the potential to solve intractable optimization problems efficiently. Consequently, experts emphasize the need for balanced strategies. Biodiversity conservation is essential for maintaining ecosystem resilience and supporting ecological services. Habitat fragmentation, deforestation, and anthropogenic pollution undermine critical ecological equilibria, necessitating rigorous preservation policies.",1,AI
"Historical historiography requires critical evaluation of primary documentation, archaeological artifacts, and contextual perspectives. Discerning inherent biases in archival records is essential for constructing objective historical narratives. In addition to these considerations, it is crucial to analyze the broader implications. Poetic structures, ranging from sonnets to blank verse, exploit metrical rhythms and phonological patterns to evoke profound cognitive and affective responses. Structural constraints often amplify thematic expression.",1,AI
"Here is my hot take on this: Music has this uncanny power of emotional time travel. A five-second melody from a song you listened to in 2018 instantly transports you back to that specific bus seat and sunset. And don't get me started on the rest of it! I tried writing a short novel during quarantine. It took fifty pages before I realized my protagonist had no goal, no obstacle, and was basically just me whining on paper.",0,Human
"Poetic structures, ranging from sonnets to blank verse, exploit metrical rhythms and phonological patterns to evoke profound cognitive and affective responses. Structural constraints often amplify thematic expression. In addition to these considerations, it is crucial to analyze the broader implications. Museum curation bridges academic research and public engagement by presenting curated collections within coherent interpretive frameworks. Curatorial strategies stimulate critical dialogue regarding cultural representation.",1,AI
Vocational education programs provide targeted technical competencies aligned with industrial requirements. Establishing robust partnerships between vocational institutions and industry stakeholders enhances graduate employability and economic productivity.,1,AI
"Composting kitchen scraps seemed intimidating at first, but once you get the dry leaves to wet peelings ratio right, you end up with rich black soil that makes tomato plants go crazy.",0,Human
"Linguistic typology studies structural and grammatical variation across world languages. Comparative linguistics reveals systemic morphological evolutions and historical migration pathways across language families. In addition to these considerations, it is crucial to analyze the broader implications. Artificial intelligence has emerged as a transformative paradigm across modern industries. By leveraging complex statistical patterns and machine learning algorithms, modern systems can process unstructured data with remarkable efficiency. Furthermore, continuous advances in computational hardware have accelerated deployment cycles.",1,AI
"Edge computing processes computational tasks locally rather than relying exclusively on distant data centers. This paradigm significantly diminishes latency and bandwidth consumption, making it particularly advantageous for real-time applications. In addition to these considerations, it is crucial to analyze the broader implications. Climate change poses significant ecological and economic risks to global sustainability. Rising greenhouse gas emissions have catalyzed global temperature anomalies, leading to accelerated glacial retreat and frequent meteorological extremes. Addressing this imperative necessitates coordinated multilateral interventions.",1,AI
"Honestly, I spent three hours yesterday just trying to get this printer to connect to my Wi-Fi. Every time tech promises to make our lives seamless, we end up staring at blinking lights wondering why Bluetooth suddenly decided to give up on us.",0,Human
"Furthermore, systematic investigations reveal substantial correlations. Cloud computing architecture facilitates seamless scalability for enterprise applications. It is important to recognize that virtualization optimizes resource allocation while mitigating localized hardware dependencies. In addition, distributed databases ensure high availability across redundant availability zones. Ultimately, achieving sustainable outcomes requires ongoing coordination. Museum curation bridges academic research and public engagement by presenting curated collections within coherent interpretive frameworks. Curatorial strategies stimulate critical dialogue regarding cultural representation.",1,AI
Here is my hot take on this: Coding at 2 AM with a lukewarm mug of instant coffee hits different. You fix one missing semicolon and suddenly three new bugs emerge out of nowhere like mythical hydra heads. And don't get me started on the rest of it! The open-source community is truly one of humanity's finest achievements. Complete strangers across continents collaborating for free just to build Linux or Blender because they genuinely love building things.,0,Human
"Here is my hot take on this: Visiting ancient stone temples carved out of single granite boulders makes modern steel architecture look oddly transient. How did artisans without lasers carve such perfect symmetries a thousand years ago? And don't get me started on the rest of it! History is written by survivors, but folk ballads preserve what ordinary villagers actually suffered while kings fought over boundary markers.",0,Human
"Natural language processing has witnessed substantial milestones with the advent of transformer architectures. These architectures utilize self-attention mechanisms to weigh contextual token relationships across bidirectional contexts, yielding coherent textual synthesis. In addition to these considerations, it is crucial to analyze the broader implications. Edge computing processes computational tasks locally rather than relying exclusively on distant data centers. This paradigm significantly diminishes latency and bandwidth consumption, making it particularly advantageous for real-time applications.",1,AI
"I was talking to a friend about this exact thing recently. Coding at 2 AM with a lukewarm mug of instant coffee hits different. You fix one missing semicolon and suddenly three new bugs emerge out of nowhere like mythical hydra heads. To be frank, it really makes you reconsider your habits. My grandmother called me in a panic because her iPad screen rotated and she thought the entire device broke. It took twenty minutes of explaining before she realized she could just twist it back around. Tech literacy is wild.",0,Human
"When evaluating modern paradigms, several interconnected factors emerge. Museum curation bridges academic research and public engagement by presenting curated collections within coherent interpretive frameworks. Curatorial strategies stimulate critical dialogue regarding cultural representation. Consequently, experts emphasize the need for balanced strategies. Cloud computing architecture facilitates seamless scalability for enterprise applications. It is important to recognize that virtualization optimizes resource allocation while mitigating localized hardware dependencies. In addition, distributed databases ensure high availability across redundant availability zones.",1,AI
"My dad refuses to follow GPS instructions. He insists on asking the roadside tea stall vendor for directions because 'a local person knows shortcuts no satellite can detect.' And half the time, he's actually right. Honestly, thinking about it now, that's just how life goes. Home-cooked dal tadka with freshly steamed basmati rice and a dollop of ghee beats any five-star restaurant meal on a rainy Sunday afternoon.",0,Human
"Furthermore, systematic investigations reveal substantial correlations. Blockchain technology offers a decentralized ledger system characterized by immutability and cryptographic verification. By eliminating centralized intermediaries, smart contracts facilitate transparent transactions across peer-to-peer networks. Ultimately, achieving sustainable outcomes requires ongoing coordination. Cybersecurity protocols must continuously evolve to address emerging cryptographic challenges. Multi-factor authentication, endpoint encryption, and automated intrusion detection systems play a crucial role in safeguarding sensitive user information.",1,AI
"Edge computing processes computational tasks locally rather than relying exclusively on distant data centers. This paradigm significantly diminishes latency and bandwidth consumption, making it particularly advantageous for real-time applications.",1,AI
"History is written by survivors, but folk ballads preserve what ordinary villagers actually suffered while kings fought over boundary markers. Honestly, thinking about it now, that's just how life goes. Languages carry unique worldviews. Untranslatable words like 'saudade' or 'jugaad' prove that human culture can't be compressed into standardized dictionary definitions.",0,Human
"I was talking to a friend about this exact thing recently. Every software update seems to move things around just for the sake of making it look different. Why bury the audio settings three menus deeper than they were last week? To be frank, it really makes you reconsider your habits. I deleted Instagram last month, and to be honest, my attention span improved almost immediately. I don't feel that nagging urge to document my morning oatmeal anymore.",0,Human
"I was talking to a friend about this exact thing recently. The open-source community is truly one of humanity's finest achievements. Complete strangers across continents collaborating for free just to build Linux or Blender because they genuinely love building things. To be frank, it really makes you reconsider your habits. Coding at 2 AM with a lukewarm mug of instant coffee hits different. You fix one missing semicolon and suddenly three new bugs emerge out of nowhere like mythical hydra heads.",0,Human
"Furthermore, systematic investigations reveal substantial correlations. Preventative healthcare strategies focus on early diagnostic screening and lifestyle interventions to attenuate chronic illness incidence. Proactive wellness management represents a cost-effective alternative to reactive acute medical interventions. Ultimately, achieving sustainable outcomes requires ongoing coordination. Regular aerobic exercise is documented to confer comprehensive cardiovascular and cognitive benefits. Physical exertion stimulates neurotrophic factor release, thereby supporting neuroplasticity and emotional well-being across demographic cohorts.",1,AI
"I was talking to a friend about this exact thing recently. Group projects are an unpaid lesson in human psychology. One person does 90 percent of the research, one formats the slides, and two show up on presentation day smiling like they co-authored the thesis. To be frank, it really makes you reconsider your habits. I planted three saplings along our boundary wall five years ago. Today they are taller than our second-floor balcony, filled with sparrows every evening.",0,Human
"Here is my hot take on this: The monsoon this year felt completely erratic. Usually, June brings steady downpours, but this time we got three weeks of scorching heat followed by two days of flash floods that submerged the ground floor parking. And don't get me started on the rest of it! I hate how fast fashion dominates every shopping mall now. Shirts that fall apart after two washes and shed polyester microfibers into the water supply are sold as trendy disposable commodities.",0,Human
"Furthermore, systematic investigations reveal substantial correlations. The Industrial Revolution fundamentally altered global economic landscapes, labor dynamics, and demographic distributions. While rapid technological mechanization expanded production efficiency, it simultaneously prompted complex labor welfare questions. Ultimately, achieving sustainable outcomes requires ongoing coordination. Architectural heritage serves as tangible evidence of civilizational achievements, aesthetic philosophies, and engineering prowess. Conserving historical monuments ensures cultural continuity and enriches our understanding of ancestral societies.",1,AI
"Autonomous vehicles utilize a combination of computer vision, LiDAR, and radar telemetry to navigate dynamic traffic environments. It is worth noting that sensor fusion algorithms are essential for synthesizing disparate sensory inputs into accurate spatial maps.",1,AI
Universal design in learning emphasizes inclusive instructional strategies that accommodate diverse cognitive and sensory learning requirements. Accessible instructional media ensures equitable educational access for all learners.,1,AI
Internship hunting in your third year feels like an endless loop of uploading your resume into portals that ask you to manually re-type every single section of the resume you just uploaded.,0,Human
"Circadian rhythm synchronization plays a fundamental role in maintaining hormonal regulation, immune function, and cellular repair processes. Maintaining consistent sleep hygiene schedules supports optimal cognitive performance.",1,AI
"Philosophical discourse concerning ethical theory distinguishes between deontological imperatives, consequentialist outcomes, and virtue ethics. Analyzing moral dilemmas through these frameworks clarifies fundamental principles governing societal justice. In addition to these considerations, it is crucial to analyze the broader implications. Linguistic typology studies structural and grammatical variation across world languages. Comparative linguistics reveals systemic morphological evolutions and historical migration pathways across language families.",1,AI
"I hate how fast fashion dominates every shopping mall now. Shirts that fall apart after two washes and shed polyester microfibers into the water supply are sold as trendy disposable commodities. Honestly, thinking about it now, that's just how life goes. I planted three saplings along our boundary wall five years ago. Today they are taller than our second-floor balcony, filled with sparrows every evening.",0,Human
"Standardized entrance exams measure speed and test-taking tricks far more than actual curiosity or deep conceptual mastery. It burns kids out before they even choose a career. Honestly, thinking about it now, that's just how life goes. Making sourdough bread taught me patience like nothing else. You feed a flour-and-water paste for a week, wait twelve hours for dough proofing, and if the temperature drops two degrees, your loaf turns into a doorstop.",0,Human
"Group projects are an unpaid lesson in human psychology. One person does 90 percent of the research, one formats the slides, and two show up on presentation day smiling like they co-authored the thesis.",0,Human
"I was talking to a friend about this exact thing recently. Standardized entrance exams measure speed and test-taking tricks far more than actual curiosity or deep conceptual mastery. It burns kids out before they even choose a career. To be frank, it really makes you reconsider your habits. Online lectures during the pandemic were surreal. Half the class had their cameras turned off, somebody's dog was barking in the background, and the professor spoke while muted for fifteen whole minutes.",0,Human
"I tried writing a short novel during quarantine. It took fifty pages before I realized my protagonist had no goal, no obstacle, and was basically just me whining on paper.",0,Human
"Furthermore, systematic investigations reveal substantial correlations. Universal design in learning emphasizes inclusive instructional strategies that accommodate diverse cognitive and sensory learning requirements. Accessible instructional media ensures equitable educational access for all learners. Ultimately, achieving sustainable outcomes requires ongoing coordination. Experiential learning bridges theoretical knowledge and practical execution by engaging learners in authentic problem-solving scenarios. Laboratory simulations and field internships provide invaluable context for abstract academic principles.",1,AI
"When evaluating modern paradigms, several interconnected factors emerge. Lifelong learning has become a prerequisite for career progression within rapidly evolving knowledge economies. Continuing education modules and modular credentials enable professionals to acquire emergent skills throughout their careers. Consequently, experts emphasize the need for balanced strategies. Circadian rhythm synchronization plays a fundamental role in maintaining hormonal regulation, immune function, and cellular repair processes. Maintaining consistent sleep hygiene schedules supports optimal cognitive performance.",1,AI
Educational pedagogy has transitioned toward learner-centric paradigms facilitated by educational technology platforms. Interactive modules and adaptive learning algorithms customize curriculum delivery based on individual student comprehension trajectories.,1,AI
"When evaluating modern paradigms, several interconnected factors emerge. The Renaissance epoch catalyzed profound shifts in European intellectual and artistic inquiry. By revitalizing classical humanistic traditions, scholars and artists fostered empirical observation that laid the groundwork for modern scientific thought. Consequently, experts emphasize the need for balanced strategies. Philosophical discourse concerning ethical theory distinguishes between deontological imperatives, consequentialist outcomes, and virtue ethics. Analyzing moral dilemmas through these frameworks clarifies fundamental principles governing societal justice.",1,AI
Reading an actual paper book with physical pages before bed beats scrolling through endless blue-light feeds every single night.,0,Human
"Visiting ancient stone temples carved out of single granite boulders makes modern steel architecture look oddly transient. How did artisans without lasers carve such perfect symmetries a thousand years ago? Honestly, thinking about it now, that's just how life goes. History is written by survivors, but folk ballads preserve what ordinary villagers actually suffered while kings fought over boundary markers.",0,Human
"Online lectures during the pandemic were surreal. Half the class had their cameras turned off, somebody's dog was barking in the background, and the professor spoke while muted for fifteen whole minutes. Honestly, thinking about it now, that's just how life goes. Standardized entrance exams measure speed and test-taking tricks far more than actual curiosity or deep conceptual mastery. It burns kids out before they even choose a career.",0,Human
"Making sourdough bread taught me patience like nothing else. You feed a flour-and-water paste for a week, wait twelve hours for dough proofing, and if the temperature drops two degrees, your loaf turns into a doorstop.",0,Human
"I was talking to a friend about this exact thing recently. Cramming four chapters of operational research the night before the semester exam is a rite of passage no engineering student escapes. You swear you'll study early next semester, but you never do. To be frank, it really makes you reconsider your habits. Electric vehicles are a step forward, sure, but what happens to the massive lithium batteries fifteen years down the road? We need circular recycling, not just trading one extraction mess for another.",0,Human
"Every software update seems to move things around just for the sake of making it look different. Why bury the audio settings three menus deeper than they were last week? Honestly, thinking about it now, that's just how life goes. Recycling plastic feels like a personal guilt trip pushed on consumers while massive manufacturing corporations dump tons of untreated runoff into rivers every single hour.",0,Human
"Furthermore, systematic investigations reveal substantial correlations. Deforestation in tropical rainforests diminishes global carbon sequestration capacity and accelerates species extinction rates. Implementing satellite-based canopy monitoring and enforcing sustainable land-use regulations are indispensable components of international conservation strategies. Ultimately, achieving sustainable outcomes requires ongoing coordination. The circular economy model seeks to decouple economic growth from finite resource extraction. By prioritizing durable product design, modular repairability, and comprehensive recycling streams, industrial systems can dramatically minimize aggregate waste generation.",1,AI
"Furthermore, systematic investigations reveal substantial correlations. Natural language processing has witnessed substantial milestones with the advent of transformer architectures. These architectures utilize self-attention mechanisms to weigh contextual token relationships across bidirectional contexts, yielding coherent textual synthesis. Ultimately, achieving sustainable outcomes requires ongoing coordination. Cloud computing architecture facilitates seamless scalability for enterprise applications. It is important to recognize that virtualization optimizes resource allocation while mitigating localized hardware dependencies. In addition, distributed databases ensure high availability across redundant availability zones.",1,AI
"Standardized evaluation mechanisms provide benchmarking metrics across educational jurisdictions. However, educational researchers emphasize that evaluations must be balanced with holistic qualitative measures of student development.",1,AI
"I was talking to a friend about this exact thing recently. We keep building smart gadgets for things nobody asked for. A smart toaster that sends push notifications to my phone when bread is browned? Why? Just look inside the slot with your own eyes! To be frank, it really makes you reconsider your habits. Honestly, I spent three hours yesterday just trying to get this printer to connect to my Wi-Fi. Every time tech promises to make our lives seamless, we end up staring at blinking lights wondering why Bluetooth suddenly decided to give up on us.",0,Human
"My dad refuses to follow GPS instructions. He insists on asking the roadside tea stall vendor for directions because 'a local person knows shortcuts no satellite can detect.' And half the time, he's actually right.",0,Human
"Mental health awareness initiatives emphasize destigmatizing psychiatric conditions and expanding access to evidence-based psychological support. Integrative treatment modalities combining behavioral therapy and lifestyle adjustments yield favorable clinical outcomes. In addition to these considerations, it is crucial to analyze the broader implications. Microbiome research underscores the intricate bidirectional communication pathway between gut flora and neurological systems. Consuming prebiotic fibers and fermented foods supports microbial diversity, conferring systemic physiological benefits.",1,AI
"Blockchain technology offers a decentralized ledger system characterized by immutability and cryptographic verification. By eliminating centralized intermediaries, smart contracts facilitate transparent transactions across peer-to-peer networks. In addition to these considerations, it is crucial to analyze the broader implications. Quantum computing represents a fundamental departure from classical binary computation. Utilizing qubits that exist in superposition states, quantum processors possess the potential to solve intractable optimization problems efficiently.",1,AI
"Museum curation bridges academic research and public engagement by presenting curated collections within coherent interpretive frameworks. Curatorial strategies stimulate critical dialogue regarding cultural representation. In addition to these considerations, it is crucial to analyze the broader implications. Cloud computing architecture facilitates seamless scalability for enterprise applications. It is important to recognize that virtualization optimizes resource allocation while mitigating localized hardware dependencies. In addition, distributed databases ensure high availability across redundant availability zones.",1,AI
Experiential learning bridges theoretical knowledge and practical execution by engaging learners in authentic problem-solving scenarios. Laboratory simulations and field internships provide invaluable context for abstract academic principles.,1,AI
"When evaluating modern paradigms, several interconnected factors emerge. Experiential learning bridges theoretical knowledge and practical execution by engaging learners in authentic problem-solving scenarios. Laboratory simulations and field internships provide invaluable context for abstract academic principles. Consequently, experts emphasize the need for balanced strategies. Universal design in learning emphasizes inclusive instructional strategies that accommodate diverse cognitive and sensory learning requirements. Accessible instructional media ensures equitable educational access for all learners.",1,AI
"I was talking to a friend about this exact thing recently. I hate how fast fashion dominates every shopping mall now. Shirts that fall apart after two washes and shed polyester microfibers into the water supply are sold as trendy disposable commodities. To be frank, it really makes you reconsider your habits. The monsoon this year felt completely erratic. Usually, June brings steady downpours, but this time we got three weeks of scorching heat followed by two days of flash floods that submerged the ground floor parking.",0,Human
"I deleted Instagram last month, and to be honest, my attention span improved almost immediately. I don't feel that nagging urge to document my morning oatmeal anymore.",0,Human
"Black and white cinema holds a dramatic weight that saturated 4K CGI often misses. When light and shadow do all the storytelling, every facial flicker matters.",0,Human
"The Industrial Revolution fundamentally altered global economic landscapes, labor dynamics, and demographic distributions. While rapid technological mechanization expanded production efficiency, it simultaneously prompted complex labor welfare questions. In addition to these considerations, it is crucial to analyze the broader implications. Dramatic theater provides an immersive medium for exploring existential dilemmas, interpersonal conflict, and societal critique. The synthesis of stagecraft, vocal delivery, and narrative drama produces cathartic audience experiences.",1,AI
"Here is my hot take on this: A museum without proper context is just a warehouse of old relics. But when a good curator tells the human story behind a rusty bronze coin, history suddenly comes alive. And don't get me started on the rest of it! My grandmother called me in a panic because her iPad screen rotated and she thought the entire device broke. It took twenty minutes of explaining before she realized she could just twist it back around. Tech literacy is wild.",0,Human
"I was talking to a friend about this exact thing recently. Black and white cinema holds a dramatic weight that saturated 4K CGI often misses. When light and shadow do all the storytelling, every facial flicker matters. To be frank, it really makes you reconsider your habits. Good poetry doesn't decorate language; it strips away pretension until only raw emotional truth is left bare on the page.",0,Human
"Furthermore, systematic investigations reveal substantial correlations. Historical historiography requires critical evaluation of primary documentation, archaeological artifacts, and contextual perspectives. Discerning inherent biases in archival records is essential for constructing objective historical narratives. Ultimately, achieving sustainable outcomes requires ongoing coordination. Immunization programs constitute one of the most cost-effective public health interventions in modern medicine. Herd immunity thresholds protect vulnerable populations from infectious pathologies through systematic vaccination coverage.",1,AI
"I was talking to a friend about this exact thing recently. Sharing cold samosas and chai with batchmates in the canteen after surviving a brutal viva exam is where real friendships are forged. To be frank, it really makes you reconsider your habits. Internship hunting in your third year feels like an endless loop of uploading your resume into portals that ask you to manually re-type every single section of the resume you just uploaded.",0,Human
"Urban forestry initiatives provide significant microclimate moderation and air quality improvements in dense metropolitan regions. Furthermore, permeable pavements and green roofs mitigate urban heat island effects while enhancing stormwater management. In addition to these considerations, it is crucial to analyze the broader implications. Sustainable agricultural methodologies, such as precision irrigation and regenerative soil practices, enhance agricultural yields while conserving vital freshwater reserves. These techniques ensure food security in the face of shifting climatic patterns.",1,AI
We keep building smart gadgets for things nobody asked for. A smart toaster that sends push notifications to my phone when bread is browned? Why? Just look inside the slot with your own eyes!,0,Human
There's something deeply humbling about hiking up a ridge at sunrise and watching fog roll through the valley below. You realize just how tiny human concerns really are.,0,Human
"Home-cooked dal tadka with freshly steamed basmati rice and a dollop of ghee beats any five-star restaurant meal on a rainy Sunday afternoon. Honestly, thinking about it now, that's just how life goes. I tried that trending green smoothie recipe with kale and ginger. It tasted like lawn clippings soaked in lemon juice. Life is too short to drink grass pulp for breakfast.",0,Human
"Artificial intelligence has emerged as a transformative paradigm across modern industries. By leveraging complex statistical patterns and machine learning algorithms, modern systems can process unstructured data with remarkable efficiency. Furthermore, continuous advances in computational hardware have accelerated deployment cycles. In addition to these considerations, it is crucial to analyze the broader implications. Cybersecurity protocols must continuously evolve to address emerging cryptographic challenges. Multi-factor authentication, endpoint encryption, and automated intrusion detection systems play a crucial role in safeguarding sensitive user information.",1,AI
"Software containerization via tools like Docker and Kubernetes streamlines application deployment across heterogeneous environments. This methodology fosters modular development practices and facilitates robust microservices architecture. In addition to these considerations, it is crucial to analyze the broader implications. Renewable energy systems, including photovoltaic solar arrays and wind turbines, are pivotal in transitioning toward carbon-neutral infrastructure. Moreover, investment in battery energy storage systems addresses the intermittency challenges inherent to renewable generation.",1,AI
"Urban forestry initiatives provide significant microclimate moderation and air quality improvements in dense metropolitan regions. Furthermore, permeable pavements and green roofs mitigate urban heat island effects while enhancing stormwater management.",1,AI
"I was talking to a friend about this exact thing recently. I'm not completely convinced that automated driving is ready for Indian roads or rush hour anywhere. Have you seen how people cut across three lanes without warning? An algorithm would freeze up from pure panic in five seconds. To be frank, it really makes you reconsider your habits. Painting with watercolors is brutal because mistakes can't be painted over with white acrylic. You either embrace the accidental bleed or start from scratch on fresh paper.",0,Human
"Deforestation in tropical rainforests diminishes global carbon sequestration capacity and accelerates species extinction rates. Implementing satellite-based canopy monitoring and enforcing sustainable land-use regulations are indispensable components of international conservation strategies. In addition to these considerations, it is crucial to analyze the broader implications. Educational pedagogy has transitioned toward learner-centric paradigms facilitated by educational technology platforms. Interactive modules and adaptive learning algorithms customize curriculum delivery based on individual student comprehension trajectories.",1,AI
"Here is my hot take on this: I'm not completely convinced that automated driving is ready for Indian roads or rush hour anywhere. Have you seen how people cut across three lanes without warning? An algorithm would freeze up from pure panic in five seconds. And don't get me started on the rest of it! I deleted Instagram last month, and to be honest, my attention span improved almost immediately. I don't feel that nagging urge to document my morning oatmeal anymore.",0,Human
"Literary narratives reflect the socio-political dynamics and philosophical inquiries of their respective historical epochs. Authors employ figurative language, thematic allegory, and character arcs to interrogate cultural values and human motivations.",1,AI
"I was talking to a friend about this exact thing recently. Languages carry unique worldviews. Untranslatable words like 'saudade' or 'jugaad' prove that human culture can't be compressed into standardized dictionary definitions. To be frank, it really makes you reconsider your habits. History is written by survivors, but folk ballads preserve what ordinary villagers actually suffered while kings fought over boundary markers.",0,Human
"When evaluating modern paradigms, several interconnected factors emerge. Standardized evaluation mechanisms provide benchmarking metrics across educational jurisdictions. However, educational researchers emphasize that evaluations must be balanced with holistic qualitative measures of student development. Consequently, experts emphasize the need for balanced strategies. Nutritional science emphasizes the consumption of balanced macronutrient profiles alongside diverse micronutrients and dietary fiber. Minimizing ultra-processed foods containing high sodium and refined sugars reduces long-term risks of metabolic disorders.",1,AI
"People worry about superintelligent robots taking over the world, but yesterday my phone autocorrected 'definitely' to 'deflated' four times in a row. We are safe for a while. Honestly, thinking about it now, that's just how life goes. I tried building my own mechanical keyboard last summer. Lubing every individual switch was painfully tedious, but the satisfying clack sound made every cramped finger worth it.",0,Human
"Kafka had it right: bureaucratic systems aren't intentionally evil; they are just cold labyrinths of procedural indifference where individual humanity gets stamped out by carbon copies. Honestly, thinking about it now, that's just how life goes. Music has this uncanny power of emotional time travel. A five-second melody from a song you listened to in 2018 instantly transports you back to that specific bus seat and sunset.",0,Human
"Here is my hot take on this: Hands-on lab experiments teach you twice as much as three textbook derivations. When a circuit actually smokes because you wired a resistor wrong, you never forget Ohm's law again. And don't get me started on the rest of it! I changed my major twice before figuring out what I actually wanted to work on. Society rushes 18-year-olds into lifetime decisions way too early.",0,Human
"When evaluating modern paradigms, several interconnected factors emerge. Collaborative learning environments foster critical thinking and interpersonal communication skills among academic cohorts. Group discussions and peer review processes encourage students to evaluate multifaceted perspectives and construct well-reasoned arguments. Consequently, experts emphasize the need for balanced strategies. Digital literacy is an indispensable competency within twenty-first-century educational curricula. Equipping learners with information verification skills and algorithmic awareness enables critical navigation of information ecosystems.",1,AI
"The Renaissance epoch catalyzed profound shifts in European intellectual and artistic inquiry. By revitalizing classical humanistic traditions, scholars and artists fostered empirical observation that laid the groundwork for modern scientific thought. In addition to these considerations, it is crucial to analyze the broader implications. Philosophical discourse concerning ethical theory distinguishes between deontological imperatives, consequentialist outcomes, and virtue ethics. Analyzing moral dilemmas through these frameworks clarifies fundamental principles governing societal justice.",1,AI
"When evaluating modern paradigms, several interconnected factors emerge. Architectural heritage serves as tangible evidence of civilizational achievements, aesthetic philosophies, and engineering prowess. Conserving historical monuments ensures cultural continuity and enriches our understanding of ancestral societies. Consequently, experts emphasize the need for balanced strategies. The Industrial Revolution fundamentally altered global economic landscapes, labor dynamics, and demographic distributions. While rapid technological mechanization expanded production efficiency, it simultaneously prompted complex labor welfare questions.",1,AI
"I was talking to a friend about this exact thing recently. Painting with watercolors is brutal because mistakes can't be painted over with white acrylic. You either embrace the accidental bleed or start from scratch on fresh paper. To be frank, it really makes you reconsider your habits. I tried writing a short novel during quarantine. It took fifty pages before I realized my protagonist had no goal, no obstacle, and was basically just me whining on paper.",0,Human
"Interdisciplinary research initiatives encourage the convergence of scientific inquiry, technological innovation, and humanities scholarship. Such integrative frameworks are essential for addressing complex global challenges effectively.",1,AI
"Painting with watercolors is brutal because mistakes can't be painted over with white acrylic. You either embrace the accidental bleed or start from scratch on fresh paper. Honestly, thinking about it now, that's just how life goes. I'm not completely convinced that automated driving is ready for Indian roads or rush hour anywhere. Have you seen how people cut across three lanes without warning? An algorithm would freeze up from pure panic in five seconds.",0,Human
"I was talking to a friend about this exact thing recently. People worry about superintelligent robots taking over the world, but yesterday my phone autocorrected 'definitely' to 'deflated' four times in a row. We are safe for a while. To be frank, it really makes you reconsider your habits. We keep building smart gadgets for things nobody asked for. A smart toaster that sends push notifications to my phone when bread is browned? Why? Just look inside the slot with your own eyes!",0,Human
I hate how fast fashion dominates every shopping mall now. Shirts that fall apart after two washes and shed polyester microfibers into the water supply are sold as trendy disposable commodities.,0,Human
"Sustainable agricultural methodologies, such as precision irrigation and regenerative soil practices, enhance agricultural yields while conserving vital freshwater reserves. These techniques ensure food security in the face of shifting climatic patterns.",1,AI
"Here is my hot take on this: Electric vehicles are a step forward, sure, but what happens to the massive lithium batteries fifteen years down the road? We need circular recycling, not just trading one extraction mess for another. And don't get me started on the rest of it! Cramming four chapters of operational research the night before the semester exam is a rite of passage no engineering student escapes. You swear you'll study early next semester, but you never do.",0,Human
The open-source community is truly one of humanity's finest achievements. Complete strangers across continents collaborating for free just to build Linux or Blender because they genuinely love building things.,0,Human
"I planted three saplings along our boundary wall five years ago. Today they are taller than our second-floor balcony, filled with sparrows every evening.",0,Human
"I was talking to a friend about this exact thing recently. Composting kitchen scraps seemed intimidating at first, but once you get the dry leaves to wet peelings ratio right, you end up with rich black soil that makes tomato plants go crazy. To be frank, it really makes you reconsider your habits. Solar panels on our terrace finally got hooked up to the local grid this Tuesday! Watching the electric meter spin backward in the blazing afternoon heat was oddly exhilarating.",0,Human
"Hydration is critical for cellular metabolic processes, thermoregulation, and joint lubrication. Adequate daily fluid intake ensures the preservation of cognitive alertness and renal physiological function. In addition to these considerations, it is crucial to analyze the broader implications. Chronic physiological stress elevates systemic cortisol levels, potentially impairing immune function and cardiovascular health. Incorporating structured relaxation techniques, such as mindfulness meditation, assists in mitigating autonomic nervous system arousal.",1,AI
"Preventative healthcare strategies focus on early diagnostic screening and lifestyle interventions to attenuate chronic illness incidence. Proactive wellness management represents a cost-effective alternative to reactive acute medical interventions. In addition to these considerations, it is crucial to analyze the broader implications. Workplace ergonomics promotes musculoskeletal health by optimizing posture, workstation arrangement, and task distribution. Implementing ergonomic standards substantially decreases occupational strain injuries and improves workplace productivity.",1,AI
"I was talking to a friend about this exact thing recently. The monsoon this year felt completely erratic. Usually, June brings steady downpours, but this time we got three weeks of scorching heat followed by two days of flash floods that submerged the ground floor parking. To be frank, it really makes you reconsider your habits. Walking through the woods near my childhood home, I noticed the creek where we used to catch tadpoles has completely dried into a muddy trench. It's heartbreaking to see changes happen right before your eyes within a single decade.",0,Human
"Furthermore, systematic investigations reveal substantial correlations. Museum curation bridges academic research and public engagement by presenting curated collections within coherent interpretive frameworks. Curatorial strategies stimulate critical dialogue regarding cultural representation. Ultimately, achieving sustainable outcomes requires ongoing coordination. Poetic structures, ranging from sonnets to blank verse, exploit metrical rhythms and phonological patterns to evoke profound cognitive and affective responses. Structural constraints often amplify thematic expression.",1,AI
"The circular economy model seeks to decouple economic growth from finite resource extraction. By prioritizing durable product design, modular repairability, and comprehensive recycling streams, industrial systems can dramatically minimize aggregate waste generation. In addition to these considerations, it is crucial to analyze the broader implications. Deforestation in tropical rainforests diminishes global carbon sequestration capacity and accelerates species extinction rates. Implementing satellite-based canopy monitoring and enforcing sustainable land-use regulations are indispensable components of international conservation strategies.",1,AI
"When evaluating modern paradigms, several interconnected factors emerge. Poetic structures, ranging from sonnets to blank verse, exploit metrical rhythms and phonological patterns to evoke profound cognitive and affective responses. Structural constraints often amplify thematic expression. Consequently, experts emphasize the need for balanced strategies. Museum curation bridges academic research and public engagement by presenting curated collections within coherent interpretive frameworks. Curatorial strategies stimulate critical dialogue regarding cultural representation.",1,AI
"Furthermore, systematic investigations reveal substantial correlations. Atmospheric particulate matter, specifically PM2.5, contributes significantly to respiratory and cardiovascular mortality rates in industrial corridors. Stricter emissions compliance and low-emission transit alternatives are vital for public health preservation. Ultimately, achieving sustainable outcomes requires ongoing coordination. Ocean acidification, driven by elevated atmospheric carbon dioxide absorption, poses severe threats to marine calcifying organisms and coral reef ecosystems. Consequently, safeguarding marine habitats requires targeted conservation efforts alongside global emission abatement.",1,AI
"Climate change poses significant ecological and economic risks to global sustainability. Rising greenhouse gas emissions have catalyzed global temperature anomalies, leading to accelerated glacial retreat and frequent meteorological extremes. Addressing this imperative necessitates coordinated multilateral interventions.",1,AI
Lifelong learning has become a prerequisite for career progression within rapidly evolving knowledge economies. Continuing education modules and modular credentials enable professionals to acquire emergent skills throughout their careers.,1,AI
"Furthermore, systematic investigations reveal substantial correlations. The circular economy model seeks to decouple economic growth from finite resource extraction. By prioritizing durable product design, modular repairability, and comprehensive recycling streams, industrial systems can dramatically minimize aggregate waste generation. Ultimately, achieving sustainable outcomes requires ongoing coordination. Renewable energy systems, including photovoltaic solar arrays and wind turbines, are pivotal in transitioning toward carbon-neutral infrastructure. Moreover, investment in battery energy storage systems addresses the intermittency challenges inherent to renewable generation.",1,AI
"When evaluating modern paradigms, several interconnected factors emerge. Atmospheric particulate matter, specifically PM2.5, contributes significantly to respiratory and cardiovascular mortality rates in industrial corridors. Stricter emissions compliance and low-emission transit alternatives are vital for public health preservation. Consequently, experts emphasize the need for balanced strategies. Collaborative learning environments foster critical thinking and interpersonal communication skills among academic cohorts. Group discussions and peer review processes encourage students to evaluate multifaceted perspectives and construct well-reasoned arguments.",1,AI
"When evaluating modern paradigms, several interconnected factors emerge. Climate change poses significant ecological and economic risks to global sustainability. Rising greenhouse gas emissions have catalyzed global temperature anomalies, leading to accelerated glacial retreat and frequent meteorological extremes. Addressing this imperative necessitates coordinated multilateral interventions. Consequently, experts emphasize the need for balanced strategies. Urban forestry initiatives provide significant microclimate moderation and air quality improvements in dense metropolitan regions. Furthermore, permeable pavements and green roofs mitigate urban heat island effects while enhancing stormwater management.",1,AI
"I planted three saplings along our boundary wall five years ago. Today they are taller than our second-floor balcony, filled with sparrows every evening. Honestly, thinking about it now, that's just how life goes. Group projects are an unpaid lesson in human psychology. One person does 90 percent of the research, one formats the slides, and two show up on presentation day smiling like they co-authored the thesis.",0,Human
"We keep building smart gadgets for things nobody asked for. A smart toaster that sends push notifications to my phone when bread is browned? Why? Just look inside the slot with your own eyes! Honestly, thinking about it now, that's just how life goes. People worry about superintelligent robots taking over the world, but yesterday my phone autocorrected 'definitely' to 'deflated' four times in a row. We are safe for a while.",0,Human
"Electric vehicles are a step forward, sure, but what happens to the massive lithium batteries fifteen years down the road? We need circular recycling, not just trading one extraction mess for another.",0,Human
"When evaluating modern paradigms, several interconnected factors emerge. Circadian rhythm synchronization plays a fundamental role in maintaining hormonal regulation, immune function, and cellular repair processes. Maintaining consistent sleep hygiene schedules supports optimal cognitive performance. Consequently, experts emphasize the need for balanced strategies. Hydration is critical for cellular metabolic processes, thermoregulation, and joint lubrication. Adequate daily fluid intake ensures the preservation of cognitive alertness and renal physiological function.",1,AI
"Online lectures during the pandemic were surreal. Half the class had their cameras turned off, somebody's dog was barking in the background, and the professor spoke while muted for fifteen whole minutes.",0,Human
"Internship hunting in your third year feels like an endless loop of uploading your resume into portals that ask you to manually re-type every single section of the resume you just uploaded. Honestly, thinking about it now, that's just how life goes. Sharing cold samosas and chai with batchmates in the canteen after surviving a brutal viva exam is where real friendships are forged.",0,Human
"Furthermore, systematic investigations reveal substantial correlations. Workplace ergonomics promotes musculoskeletal health by optimizing posture, workstation arrangement, and task distribution. Implementing ergonomic standards substantially decreases occupational strain injuries and improves workplace productivity. Ultimately, achieving sustainable outcomes requires ongoing coordination. Preventative healthcare strategies focus on early diagnostic screening and lifestyle interventions to attenuate chronic illness incidence. Proactive wellness management represents a cost-effective alternative to reactive acute medical interventions.",1,AI
"When evaluating modern paradigms, several interconnected factors emerge. Vocational education programs provide targeted technical competencies aligned with industrial requirements. Establishing robust partnerships between vocational institutions and industry stakeholders enhances graduate employability and economic productivity. Consequently, experts emphasize the need for balanced strategies. Regular aerobic exercise is documented to confer comprehensive cardiovascular and cognitive benefits. Physical exertion stimulates neurotrophic factor release, thereby supporting neuroplasticity and emotional well-being across demographic cohorts.",1,AI
"I was talking to a friend about this exact thing recently. Internship hunting in your third year feels like an endless loop of uploading your resume into portals that ask you to manually re-type every single section of the resume you just uploaded. To be frank, it really makes you reconsider your habits. Group projects are an unpaid lesson in human psychology. One person does 90 percent of the research, one formats the slides, and two show up on presentation day smiling like they co-authored the thesis.",0,Human
"I was talking to a friend about this exact thing recently. My grandmother called me in a panic because her iPad screen rotated and she thought the entire device broke. It took twenty minutes of explaining before she realized she could just twist it back around. Tech literacy is wild. To be frank, it really makes you reconsider your habits. A museum without proper context is just a warehouse of old relics. But when a good curator tells the human story behind a rusty bronze coin, history suddenly comes alive.",0,Human
"When evaluating modern paradigms, several interconnected factors emerge. Educational pedagogy has transitioned toward learner-centric paradigms facilitated by educational technology platforms. Interactive modules and adaptive learning algorithms customize curriculum delivery based on individual student comprehension trajectories. Consequently, experts emphasize the need for balanced strategies. Experiential learning bridges theoretical knowledge and practical execution by engaging learners in authentic problem-solving scenarios. Laboratory simulations and field internships provide invaluable context for abstract academic principles.",1,AI
"Composting kitchen scraps seemed intimidating at first, but once you get the dry leaves to wet peelings ratio right, you end up with rich black soil that makes tomato plants go crazy. Honestly, thinking about it now, that's just how life goes. There's something deeply humbling about hiking up a ridge at sunrise and watching fog roll through the valley below. You realize just how tiny human concerns really are.",0,Human
"Furthermore, systematic investigations reveal substantial correlations. Autonomous vehicles utilize a combination of computer vision, LiDAR, and radar telemetry to navigate dynamic traffic environments. It is worth noting that sensor fusion algorithms are essential for synthesizing disparate sensory inputs into accurate spatial maps. Ultimately, achieving sustainable outcomes requires ongoing coordination. The integration of Internet of Things (IoT) sensors within smart infrastructure enables automated monitoring and predictive maintenance. Consequently, operational bottlenecks can be proactively identified and resolved before causing systemic disruptions.",1,AI
Here is my hot take on this: Internship hunting in your third year feels like an endless loop of uploading your resume into portals that ask you to manually re-type every single section of the resume you just uploaded. And don't get me started on the rest of it! Sharing cold samosas and chai with batchmates in the canteen after surviving a brutal viva exam is where real friendships are forged.,0,Human
"I was talking to a friend about this exact thing recently. I tried building my own mechanical keyboard last summer. Lubing every individual switch was painfully tedious, but the satisfying clack sound made every cramped finger worth it. To be frank, it really makes you reconsider your habits. People worry about superintelligent robots taking over the world, but yesterday my phone autocorrected 'definitely' to 'deflated' four times in a row. We are safe for a while.",0,Human
"I was talking to a friend about this exact thing recently. Home-cooked dal tadka with freshly steamed basmati rice and a dollop of ghee beats any five-star restaurant meal on a rainy Sunday afternoon. To be frank, it really makes you reconsider your habits. My dad refuses to follow GPS instructions. He insists on asking the roadside tea stall vendor for directions because 'a local person knows shortcuts no satellite can detect.' And half the time, he's actually right.",0,Human
"Music has this uncanny power of emotional time travel. A five-second melody from a song you listened to in 2018 instantly transports you back to that specific bus seat and sunset. Honestly, thinking about it now, that's just how life goes. I tried writing a short novel during quarantine. It took fifty pages before I realized my protagonist had no goal, no obstacle, and was basically just me whining on paper.",0,Human
"Autonomous vehicles utilize a combination of computer vision, LiDAR, and radar telemetry to navigate dynamic traffic environments. It is worth noting that sensor fusion algorithms are essential for synthesizing disparate sensory inputs into accurate spatial maps. In addition to these considerations, it is crucial to analyze the broader implications. Software containerization via tools like Docker and Kubernetes streamlines application deployment across heterogeneous environments. This methodology fosters modular development practices and facilitates robust microservices architecture.",1,AI
"I was talking to a friend about this exact thing recently. Good poetry doesn't decorate language; it strips away pretension until only raw emotional truth is left bare on the page. To be frank, it really makes you reconsider your habits. Reading an actual paper book with physical pages before bed beats scrolling through endless blue-light feeds every single night.",0,Human
"Water resource management requires balanced allocations between agricultural demands, industrial consumption, and domestic sanitation. Automated telemetry systems assist municipal planners in optimizing water delivery networks efficiently. In addition to these considerations, it is crucial to analyze the broader implications. Assessment methodologies are increasingly incorporating formative evaluation frameworks alongside traditional summative examinations. This balanced approach provides continuous feedback mechanisms that support incremental learning outcomes.",1,AI
"Learning to cook as an adult is thrilling because you realize restaurant magic is mostly just generous amounts of butter, garlic, and high heat.",0,Human
"The monsoon this year felt completely erratic. Usually, June brings steady downpours, but this time we got three weeks of scorching heat followed by two days of flash floods that submerged the ground floor parking. Honestly, thinking about it now, that's just how life goes. I hate how fast fashion dominates every shopping mall now. Shirts that fall apart after two washes and shed polyester microfibers into the water supply are sold as trendy disposable commodities.",0,Human
"Furthermore, systematic investigations reveal substantial correlations. Sustainable agricultural methodologies, such as precision irrigation and regenerative soil practices, enhance agricultural yields while conserving vital freshwater reserves. These techniques ensure food security in the face of shifting climatic patterns. Ultimately, achieving sustainable outcomes requires ongoing coordination. Urban forestry initiatives provide significant microclimate moderation and air quality improvements in dense metropolitan regions. Furthermore, permeable pavements and green roofs mitigate urban heat island effects while enhancing stormwater management.",1,AI
"I was talking to a friend about this exact thing recently. The best professors aren't the ones who know the most formulas; they are the ones who can explain why a formula actually matters without making you feel stupid for asking a basic question. To be frank, it really makes you reconsider your habits. There's something deeply humbling about hiking up a ridge at sunrise and watching fog roll through the valley below. You realize just how tiny human concerns really are.",0,Human
"There's nothing quite like street-side pani puri on a humid evening. The crisp puri bursting with spicy tangy mint water instantly wipes out a stressful workday. Honestly, thinking about it now, that's just how life goes. Sleep deprivation is insidious. You convince yourself you function fine on five hours, until you try to remember where you parked your scooter or put your keys in the refrigerator.",0,Human
"When evaluating modern paradigms, several interconnected factors emerge. Renewable energy systems, including photovoltaic solar arrays and wind turbines, are pivotal in transitioning toward carbon-neutral infrastructure. Moreover, investment in battery energy storage systems addresses the intermittency challenges inherent to renewable generation. Consequently, experts emphasize the need for balanced strategies. The circular economy model seeks to decouple economic growth from finite resource extraction. By prioritizing durable product design, modular repairability, and comprehensive recycling streams, industrial systems can dramatically minimize aggregate waste generation.",1,AI
"Quantum computing represents a fundamental departure from classical binary computation. Utilizing qubits that exist in superposition states, quantum processors possess the potential to solve intractable optimization problems efficiently.",1,AI
"Here is my hot take on this: We keep building smart gadgets for things nobody asked for. A smart toaster that sends push notifications to my phone when bread is browned? Why? Just look inside the slot with your own eyes! And don't get me started on the rest of it! People worry about superintelligent robots taking over the world, but yesterday my phone autocorrected 'definitely' to 'deflated' four times in a row. We are safe for a while.",0,Human
"Here is my hot take on this: The best professors aren't the ones who know the most formulas; they are the ones who can explain why a formula actually matters without making you feel stupid for asking a basic question. And don't get me started on the rest of it! Online lectures during the pandemic were surreal. Half the class had their cameras turned off, somebody's dog was barking in the background, and the professor spoke while muted for fifteen whole minutes.",0,Human
"Furthermore, systematic investigations reveal substantial correlations. Literary narratives reflect the socio-political dynamics and philosophical inquiries of their respective historical epochs. Authors employ figurative language, thematic allegory, and character arcs to interrogate cultural values and human motivations. Ultimately, achieving sustainable outcomes requires ongoing coordination. Microbiome research underscores the intricate bidirectional communication pathway between gut flora and neurological systems. Consuming prebiotic fibers and fermented foods supports microbial diversity, conferring systemic physiological benefits.",1,AI
"People worry about superintelligent robots taking over the world, but yesterday my phone autocorrected 'definitely' to 'deflated' four times in a row. We are safe for a while.",0,Human
"Furthermore, systematic investigations reveal substantial correlations. Regular aerobic exercise is documented to confer comprehensive cardiovascular and cognitive benefits. Physical exertion stimulates neurotrophic factor release, thereby supporting neuroplasticity and emotional well-being across demographic cohorts. Ultimately, achieving sustainable outcomes requires ongoing coordination. Vocational education programs provide targeted technical competencies aligned with industrial requirements. Establishing robust partnerships between vocational institutions and industry stakeholders enhances graduate employability and economic productivity.",1,AI
"When evaluating modern paradigms, several interconnected factors emerge. Software containerization via tools like Docker and Kubernetes streamlines application deployment across heterogeneous environments. This methodology fosters modular development practices and facilitates robust microservices architecture. Consequently, experts emphasize the need for balanced strategies. Renewable energy systems, including photovoltaic solar arrays and wind turbines, are pivotal in transitioning toward carbon-neutral infrastructure. Moreover, investment in battery energy storage systems addresses the intermittency challenges inherent to renewable generation.",1,AI
"Here is my hot take on this: I hate how fast fashion dominates every shopping mall now. Shirts that fall apart after two washes and shed polyester microfibers into the water supply are sold as trendy disposable commodities. And don't get me started on the rest of it! I planted three saplings along our boundary wall five years ago. Today they are taller than our second-floor balcony, filled with sparrows every evening.",0,Human
"Walking through the woods near my childhood home, I noticed the creek where we used to catch tadpoles has completely dried into a muddy trench. It's heartbreaking to see changes happen right before your eyes within a single decade.",0,Human
"Here is my hot take on this: Making sourdough bread taught me patience like nothing else. You feed a flour-and-water paste for a week, wait twelve hours for dough proofing, and if the temperature drops two degrees, your loaf turns into a doorstop. And don't get me started on the rest of it! Going to the gym consistently is 80 percent mental resistance. Once you put your running shoes on and step through the door, the workout itself is never as bad as lying on the couch dreading it.",0,Human
"My grandmother called me in a panic because her iPad screen rotated and she thought the entire device broke. It took twenty minutes of explaining before she realized she could just twist it back around. Tech literacy is wild. Honestly, thinking about it now, that's just how life goes. Coding at 2 AM with a lukewarm mug of instant coffee hits different. You fix one missing semicolon and suddenly three new bugs emerge out of nowhere like mythical hydra heads.",0,Human
Nutritional science emphasizes the consumption of balanced macronutrient profiles alongside diverse micronutrients and dietary fiber. Minimizing ultra-processed foods containing high sodium and refined sugars reduces long-term risks of metabolic disorders.,1,AI
"Assessment methodologies are increasingly incorporating formative evaluation frameworks alongside traditional summative examinations. This balanced approach provides continuous feedback mechanisms that support incremental learning outcomes. In addition to these considerations, it is crucial to analyze the broader implications. Interdisciplinary research initiatives encourage the convergence of scientific inquiry, technological innovation, and humanities scholarship. Such integrative frameworks are essential for addressing complex global challenges effectively.",1,AI
"When evaluating modern paradigms, several interconnected factors emerge. Dramatic theater provides an immersive medium for exploring existential dilemmas, interpersonal conflict, and societal critique. The synthesis of stagecraft, vocal delivery, and narrative drama produces cathartic audience experiences. Consequently, experts emphasize the need for balanced strategies. The integration of Internet of Things (IoT) sensors within smart infrastructure enables automated monitoring and predictive maintenance. Consequently, operational bottlenecks can be proactively identified and resolved before causing systemic disruptions.",1,AI
"Furthermore, systematic investigations reveal substantial correlations. Philosophical discourse concerning ethical theory distinguishes between deontological imperatives, consequentialist outcomes, and virtue ethics. Analyzing moral dilemmas through these frameworks clarifies fundamental principles governing societal justice. Ultimately, achieving sustainable outcomes requires ongoing coordination. The Renaissance epoch catalyzed profound shifts in European intellectual and artistic inquiry. By revitalizing classical humanistic traditions, scholars and artists fostered empirical observation that laid the groundwork for modern scientific thought.",1,AI
"Learning to cook as an adult is thrilling because you realize restaurant magic is mostly just generous amounts of butter, garlic, and high heat. Honestly, thinking about it now, that's just how life goes. Reading an actual paper book with physical pages before bed beats scrolling through endless blue-light feeds every single night.",0,Human
"Biodiversity conservation is essential for maintaining ecosystem resilience and supporting ecological services. Habitat fragmentation, deforestation, and anthropogenic pollution undermine critical ecological equilibria, necessitating rigorous preservation policies. In addition to these considerations, it is crucial to analyze the broader implications. Ocean acidification, driven by elevated atmospheric carbon dioxide absorption, poses severe threats to marine calcifying organisms and coral reef ecosystems. Consequently, safeguarding marine habitats requires targeted conservation efforts alongside global emission abatement.",1,AI
"Here is my hot take on this: Group projects are an unpaid lesson in human psychology. One person does 90 percent of the research, one formats the slides, and two show up on presentation day smiling like they co-authored the thesis. And don't get me started on the rest of it! Internship hunting in your third year feels like an endless loop of uploading your resume into portals that ask you to manually re-type every single section of the resume you just uploaded.",0,Human
"When evaluating modern paradigms, several interconnected factors emerge. Mental health awareness initiatives emphasize destigmatizing psychiatric conditions and expanding access to evidence-based psychological support. Integrative treatment modalities combining behavioral therapy and lifestyle adjustments yield favorable clinical outcomes. Consequently, experts emphasize the need for balanced strategies. Microbiome research underscores the intricate bidirectional communication pathway between gut flora and neurological systems. Consuming prebiotic fibers and fermented foods supports microbial diversity, conferring systemic physiological benefits.",1,AI
Immunization programs constitute one of the most cost-effective public health interventions in modern medicine. Herd immunity thresholds protect vulnerable populations from infectious pathologies through systematic vaccination coverage.,1,AI
"When evaluating modern paradigms, several interconnected factors emerge. Historical historiography requires critical evaluation of primary documentation, archaeological artifacts, and contextual perspectives. Discerning inherent biases in archival records is essential for constructing objective historical narratives. Consequently, experts emphasize the need for balanced strategies. Poetic structures, ranging from sonnets to blank verse, exploit metrical rhythms and phonological patterns to evoke profound cognitive and affective responses. Structural constraints often amplify thematic expression.",1,AI
"The best professors aren't the ones who know the most formulas; they are the ones who can explain why a formula actually matters without making you feel stupid for asking a basic question. Honestly, thinking about it now, that's just how life goes. Online lectures during the pandemic were surreal. Half the class had their cameras turned off, somebody's dog was barking in the background, and the professor spoke while muted for fifteen whole minutes.",0,Human
"Here is my hot take on this: Composting kitchen scraps seemed intimidating at first, but once you get the dry leaves to wet peelings ratio right, you end up with rich black soil that makes tomato plants go crazy. And don't get me started on the rest of it! There's something deeply humbling about hiking up a ridge at sunrise and watching fog roll through the valley below. You realize just how tiny human concerns really are.",0,Human
"Here is my hot take on this: Good poetry doesn't decorate language; it strips away pretension until only raw emotional truth is left bare on the page. And don't get me started on the rest of it! Black and white cinema holds a dramatic weight that saturated 4K CGI often misses. When light and shadow do all the storytelling, every facial flicker matters.",0,Human
"Historical historiography requires critical evaluation of primary documentation, archaeological artifacts, and contextual perspectives. Discerning inherent biases in archival records is essential for constructing objective historical narratives.",1,AI
"Water resource management requires balanced allocations between agricultural demands, industrial consumption, and domestic sanitation. Automated telemetry systems assist municipal planners in optimizing water delivery networks efficiently.",1,AI
"Here is my hot take on this: The open-source community is truly one of humanity's finest achievements. Complete strangers across continents collaborating for free just to build Linux or Blender because they genuinely love building things. And don't get me started on the rest of it! Walking through the woods near my childhood home, I noticed the creek where we used to catch tadpoles has completely dried into a muddy trench. It's heartbreaking to see changes happen right before your eyes within a single decade.",0,Human
"The Industrial Revolution fundamentally altered global economic landscapes, labor dynamics, and demographic distributions. While rapid technological mechanization expanded production efficiency, it simultaneously prompted complex labor welfare questions.",1,AI
"I was talking to a friend about this exact thing recently. Electric vehicles are a step forward, sure, but what happens to the massive lithium batteries fifteen years down the road? We need circular recycling, not just trading one extraction mess for another. To be frank, it really makes you reconsider your habits. City parks are not just aesthetic decorations; they are literal lifelines for urban sanity. If I can't sit under a neem or banyan tree after eight hours of Excel spreadsheets, my brain fries.",0,Human
"When evaluating modern paradigms, several interconnected factors emerge. Interdisciplinary research initiatives encourage the convergence of scientific inquiry, technological innovation, and humanities scholarship. Such integrative frameworks are essential for addressing complex global challenges effectively. Consequently, experts emphasize the need for balanced strategies. Standardized evaluation mechanisms provide benchmarking metrics across educational jurisdictions. However, educational researchers emphasize that evaluations must be balanced with holistic qualitative measures of student development.",1,AI
Linguistic typology studies structural and grammatical variation across world languages. Comparative linguistics reveals systemic morphological evolutions and historical migration pathways across language families.,1,AI
"I tried writing a short novel during quarantine. It took fifty pages before I realized my protagonist had no goal, no obstacle, and was basically just me whining on paper. Honestly, thinking about it now, that's just how life goes. Painting with watercolors is brutal because mistakes can't be painted over with white acrylic. You either embrace the accidental bleed or start from scratch on fresh paper.",0,Human
"Atmospheric particulate matter, specifically PM2.5, contributes significantly to respiratory and cardiovascular mortality rates in industrial corridors. Stricter emissions compliance and low-emission transit alternatives are vital for public health preservation.",1,AI
"I remember sitting in the library basement surrounded by photocopied lecture notes, trying to decipher handwriting from three weeks ago. College pre-exam stress is a distinct brand of chaos.",0,Human
I tried that trending green smoothie recipe with kale and ginger. It tasted like lawn clippings soaked in lemon juice. Life is too short to drink grass pulp for breakfast.,0,Human
"Here is my hot take on this: City parks are not just aesthetic decorations; they are literal lifelines for urban sanity. If I can't sit under a neem or banyan tree after eight hours of Excel spreadsheets, my brain fries. And don't get me started on the rest of it! Electric vehicles are a step forward, sure, but what happens to the massive lithium batteries fifteen years down the road? We need circular recycling, not just trading one extraction mess for another.",0,Human
"I was talking to a friend about this exact thing recently. Walking through the woods near my childhood home, I noticed the creek where we used to catch tadpoles has completely dried into a muddy trench. It's heartbreaking to see changes happen right before your eyes within a single decade. To be frank, it really makes you reconsider your habits. The open-source community is truly one of humanity's finest achievements. Complete strangers across continents collaborating for free just to build Linux or Blender because they genuinely love building things.",0,Human
"I was talking to a friend about this exact thing recently. Making sourdough bread taught me patience like nothing else. You feed a flour-and-water paste for a week, wait twelve hours for dough proofing, and if the temperature drops two degrees, your loaf turns into a doorstop. To be frank, it really makes you reconsider your habits. Standardized entrance exams measure speed and test-taking tricks far more than actual curiosity or deep conceptual mastery. It burns kids out before they even choose a career.",0,Human
Deforestation in tropical rainforests diminishes global carbon sequestration capacity and accelerates species extinction rates. Implementing satellite-based canopy monitoring and enforcing sustainable land-use regulations are indispensable components of international conservation strategies.,1,AI
"Here is my hot take on this: There's nothing quite like street-side pani puri on a humid evening. The crisp puri bursting with spicy tangy mint water instantly wipes out a stressful workday. And don't get me started on the rest of it! Sleep deprivation is insidious. You convince yourself you function fine on five hours, until you try to remember where you parked your scooter or put your keys in the refrigerator.",0,Human
"Furthermore, systematic investigations reveal substantial correlations. Vocational education programs provide targeted technical competencies aligned with industrial requirements. Establishing robust partnerships between vocational institutions and industry stakeholders enhances graduate employability and economic productivity. Ultimately, achieving sustainable outcomes requires ongoing coordination. Digital literacy is an indispensable competency within twenty-first-century educational curricula. Equipping learners with information verification skills and algorithmic awareness enables critical navigation of information ecosystems.",1,AI
Here is my hot take on this: Reading an actual paper book with physical pages before bed beats scrolling through endless blue-light feeds every single night. And don't get me started on the rest of it! Good poetry doesn't decorate language; it strips away pretension until only raw emotional truth is left bare on the page.,0,Human
"When evaluating modern paradigms, several interconnected factors emerge. Assessment methodologies are increasingly incorporating formative evaluation frameworks alongside traditional summative examinations. This balanced approach provides continuous feedback mechanisms that support incremental learning outcomes. Consequently, experts emphasize the need for balanced strategies. Interdisciplinary research initiatives encourage the convergence of scientific inquiry, technological innovation, and humanities scholarship. Such integrative frameworks are essential for addressing complex global challenges effectively.",1,AI
"Here is my hot take on this: My dad refuses to follow GPS instructions. He insists on asking the roadside tea stall vendor for directions because 'a local person knows shortcuts no satellite can detect.' And half the time, he's actually right. And don't get me started on the rest of it! Home-cooked dal tadka with freshly steamed basmati rice and a dollop of ghee beats any five-star restaurant meal on a rainy Sunday afternoon.",0,Human
"I was talking to a friend about this exact thing recently. Recycling plastic feels like a personal guilt trip pushed on consumers while massive manufacturing corporations dump tons of untreated runoff into rivers every single hour. To be frank, it really makes you reconsider your habits. Every software update seems to move things around just for the sake of making it look different. Why bury the audio settings three menus deeper than they were last week?",0,Human
"I was talking to a friend about this exact thing recently. There's something deeply humbling about hiking up a ridge at sunrise and watching fog roll through the valley below. You realize just how tiny human concerns really are. To be frank, it really makes you reconsider your habits. Composting kitchen scraps seemed intimidating at first, but once you get the dry leaves to wet peelings ratio right, you end up with rich black soil that makes tomato plants go crazy.",0,Human
"When evaluating modern paradigms, several interconnected factors emerge. Literary narratives reflect the socio-political dynamics and philosophical inquiries of their respective historical epochs. Authors employ figurative language, thematic allegory, and character arcs to interrogate cultural values and human motivations. Consequently, experts emphasize the need for balanced strategies. Architectural heritage serves as tangible evidence of civilizational achievements, aesthetic philosophies, and engineering prowess. Conserving historical monuments ensures cultural continuity and enriches our understanding of ancestral societies.",1,AI
"Workplace ergonomics promotes musculoskeletal health by optimizing posture, workstation arrangement, and task distribution. Implementing ergonomic standards substantially decreases occupational strain injuries and improves workplace productivity.",1,AI
"Furthermore, systematic investigations reveal substantial correlations. Nutritional science emphasizes the consumption of balanced macronutrient profiles alongside diverse micronutrients and dietary fiber. Minimizing ultra-processed foods containing high sodium and refined sugars reduces long-term risks of metabolic disorders. Ultimately, achieving sustainable outcomes requires ongoing coordination. Standardized evaluation mechanisms provide benchmarking metrics across educational jurisdictions. However, educational researchers emphasize that evaluations must be balanced with holistic qualitative measures of student development.",1,AI
"Regular aerobic exercise is documented to confer comprehensive cardiovascular and cognitive benefits. Physical exertion stimulates neurotrophic factor release, thereby supporting neuroplasticity and emotional well-being across demographic cohorts. In addition to these considerations, it is crucial to analyze the broader implications. Preventative healthcare strategies focus on early diagnostic screening and lifestyle interventions to attenuate chronic illness incidence. Proactive wellness management represents a cost-effective alternative to reactive acute medical interventions.",1,AI
"Lifelong learning has become a prerequisite for career progression within rapidly evolving knowledge economies. Continuing education modules and modular credentials enable professionals to acquire emergent skills throughout their careers. In addition to these considerations, it is crucial to analyze the broader implications. Circadian rhythm synchronization plays a fundamental role in maintaining hormonal regulation, immune function, and cellular repair processes. Maintaining consistent sleep hygiene schedules supports optimal cognitive performance.",1,AI
"Furthermore, systematic investigations reveal substantial correlations. Microbiome research underscores the intricate bidirectional communication pathway between gut flora and neurological systems. Consuming prebiotic fibers and fermented foods supports microbial diversity, conferring systemic physiological benefits. Ultimately, achieving sustainable outcomes requires ongoing coordination. Mental health awareness initiatives emphasize destigmatizing psychiatric conditions and expanding access to evidence-based psychological support. Integrative treatment modalities combining behavioral therapy and lifestyle adjustments yield favorable clinical outcomes.",1,AI
"Standardized evaluation mechanisms provide benchmarking metrics across educational jurisdictions. However, educational researchers emphasize that evaluations must be balanced with holistic qualitative measures of student development. In addition to these considerations, it is crucial to analyze the broader implications. Nutritional science emphasizes the consumption of balanced macronutrient profiles alongside diverse micronutrients and dietary fiber. Minimizing ultra-processed foods containing high sodium and refined sugars reduces long-term risks of metabolic disorders.",1,AI
"When evaluating modern paradigms, several interconnected factors emerge. Deforestation in tropical rainforests diminishes global carbon sequestration capacity and accelerates species extinction rates. Implementing satellite-based canopy monitoring and enforcing sustainable land-use regulations are indispensable components of international conservation strategies. Consequently, experts emphasize the need for balanced strategies. Educational pedagogy has transitioned toward learner-centric paradigms facilitated by educational technology platforms. Interactive modules and adaptive learning algorithms customize curriculum delivery based on individual student comprehension trajectories.",1,AI
"Here is my hot take on this: Standardized entrance exams measure speed and test-taking tricks far more than actual curiosity or deep conceptual mastery. It burns kids out before they even choose a career. And don't get me started on the rest of it! Making sourdough bread taught me patience like nothing else. You feed a flour-and-water paste for a week, wait twelve hours for dough proofing, and if the temperature drops two degrees, your loaf turns into a doorstop.",0,Human
"I was talking to a friend about this exact thing recently. I tried that trending green smoothie recipe with kale and ginger. It tasted like lawn clippings soaked in lemon juice. Life is too short to drink grass pulp for breakfast. To be frank, it really makes you reconsider your habits. Home-cooked dal tadka with freshly steamed basmati rice and a dollop of ghee beats any five-star restaurant meal on a rainy Sunday afternoon.",0,Human
"Renewable energy systems, including photovoltaic solar arrays and wind turbines, are pivotal in transitioning toward carbon-neutral infrastructure. Moreover, investment in battery energy storage systems addresses the intermittency challenges inherent to renewable generation. In addition to these considerations, it is crucial to analyze the broader implications. The circular economy model seeks to decouple economic growth from finite resource extraction. By prioritizing durable product design, modular repairability, and comprehensive recycling streams, industrial systems can dramatically minimize aggregate waste generation.",1,AI
"I tried that trending green smoothie recipe with kale and ginger. It tasted like lawn clippings soaked in lemon juice. Life is too short to drink grass pulp for breakfast. Honestly, thinking about it now, that's just how life goes. Kafka had it right: bureaucratic systems aren't intentionally evil; they are just cold labyrinths of procedural indifference where individual humanity gets stamped out by carbon copies.",0,Human
"Furthermore, systematic investigations reveal substantial correlations. Urban forestry initiatives provide significant microclimate moderation and air quality improvements in dense metropolitan regions. Furthermore, permeable pavements and green roofs mitigate urban heat island effects while enhancing stormwater management. Ultimately, achieving sustainable outcomes requires ongoing coordination. Climate change poses significant ecological and economic risks to global sustainability. Rising greenhouse gas emissions have catalyzed global temperature anomalies, leading to accelerated glacial retreat and frequent meteorological extremes. Addressing this imperative necessitates coordinated multilateral interventions.",1,AI
"Here is my hot take on this: I tried building my own mechanical keyboard last summer. Lubing every individual switch was painfully tedious, but the satisfying clack sound made every cramped finger worth it. And don't get me started on the rest of it! Solar panels on our terrace finally got hooked up to the local grid this Tuesday! Watching the electric meter spin backward in the blazing afternoon heat was oddly exhilarating.",0,Human
"Morning routines with twenty-five steps recommended by productivity influencers are absurd. Get out of bed, wash your face, drink some water, and get to work.",0,Human
Recycling plastic feels like a personal guilt trip pushed on consumers while massive manufacturing corporations dump tons of untreated runoff into rivers every single hour.,0,Human
"Interdisciplinary research initiatives encourage the convergence of scientific inquiry, technological innovation, and humanities scholarship. Such integrative frameworks are essential for addressing complex global challenges effectively. In addition to these considerations, it is crucial to analyze the broader implications. Standardized evaluation mechanisms provide benchmarking metrics across educational jurisdictions. However, educational researchers emphasize that evaluations must be balanced with holistic qualitative measures of student development.",1,AI
"I was talking to a friend about this exact thing recently. My dad refuses to follow GPS instructions. He insists on asking the roadside tea stall vendor for directions because 'a local person knows shortcuts no satellite can detect.' And half the time, he's actually right. To be frank, it really makes you reconsider your habits. Sharing cold samosas and chai with batchmates in the canteen after surviving a brutal viva exam is where real friendships are forged.",0,Human
Here is my hot take on this: Kafka had it right: bureaucratic systems aren't intentionally evil; they are just cold labyrinths of procedural indifference where individual humanity gets stamped out by carbon copies. And don't get me started on the rest of it! Music has this uncanny power of emotional time travel. A five-second melody from a song you listened to in 2018 instantly transports you back to that specific bus seat and sunset.,0,Human
"Coding at 2 AM with a lukewarm mug of instant coffee hits different. You fix one missing semicolon and suddenly three new bugs emerge out of nowhere like mythical hydra heads. Honestly, thinking about it now, that's just how life goes. The open-source community is truly one of humanity's finest achievements. Complete strangers across continents collaborating for free just to build Linux or Blender because they genuinely love building things.",0,Human
"I was talking to a friend about this exact thing recently. I changed my major twice before figuring out what I actually wanted to work on. Society rushes 18-year-olds into lifetime decisions way too early. To be frank, it really makes you reconsider your habits. Hands-on lab experiments teach you twice as much as three textbook derivations. When a circuit actually smokes because you wired a resistor wrong, you never forget Ohm's law again.",0,Human
"Furthermore, systematic investigations reveal substantial correlations. Standardized evaluation mechanisms provide benchmarking metrics across educational jurisdictions. However, educational researchers emphasize that evaluations must be balanced with holistic qualitative measures of student development. Ultimately, achieving sustainable outcomes requires ongoing coordination. Interdisciplinary research initiatives encourage the convergence of scientific inquiry, technological innovation, and humanities scholarship. Such integrative frameworks are essential for addressing complex global challenges effectively.",1,AI
"When evaluating modern paradigms, several interconnected factors emerge. Sustainable agricultural methodologies, such as precision irrigation and regenerative soil practices, enhance agricultural yields while conserving vital freshwater reserves. These techniques ensure food security in the face of shifting climatic patterns. Consequently, experts emphasize the need for balanced strategies. Water resource management requires balanced allocations between agricultural demands, industrial consumption, and domestic sanitation. Automated telemetry systems assist municipal planners in optimizing water delivery networks efficiently.",1,AI
"Here is my hot take on this: I deleted Instagram last month, and to be honest, my attention span improved almost immediately. I don't feel that nagging urge to document my morning oatmeal anymore. And don't get me started on the rest of it! Every software update seems to move things around just for the sake of making it look different. Why bury the audio settings three menus deeper than they were last week?",0,Human
"When evaluating modern paradigms, several interconnected factors emerge. Immunization programs constitute one of the most cost-effective public health interventions in modern medicine. Herd immunity thresholds protect vulnerable populations from infectious pathologies through systematic vaccination coverage. Consequently, experts emphasize the need for balanced strategies. Historical historiography requires critical evaluation of primary documentation, archaeological artifacts, and contextual perspectives. Discerning inherent biases in archival records is essential for constructing objective historical narratives.",1,AI
"Quantum computing represents a fundamental departure from classical binary computation. Utilizing qubits that exist in superposition states, quantum processors possess the potential to solve intractable optimization problems efficiently. In addition to these considerations, it is crucial to analyze the broader implications. Biodiversity conservation is essential for maintaining ecosystem resilience and supporting ecological services. Habitat fragmentation, deforestation, and anthropogenic pollution undermine critical ecological equilibria, necessitating rigorous preservation policies.",1,AI
"Furthermore, systematic investigations reveal substantial correlations. Linguistic typology studies structural and grammatical variation across world languages. Comparative linguistics reveals systemic morphological evolutions and historical migration pathways across language families. Ultimately, achieving sustainable outcomes requires ongoing coordination. Philosophical discourse concerning ethical theory distinguishes between deontological imperatives, consequentialist outcomes, and virtue ethics. Analyzing moral dilemmas through these frameworks clarifies fundamental principles governing societal justice.",1,AI
"When evaluating modern paradigms, several interconnected factors emerge. Biodiversity conservation is essential for maintaining ecosystem resilience and supporting ecological services. Habitat fragmentation, deforestation, and anthropogenic pollution undermine critical ecological equilibria, necessitating rigorous preservation policies. Consequently, experts emphasize the need for balanced strategies. Ocean acidification, driven by elevated atmospheric carbon dioxide absorption, poses severe threats to marine calcifying organisms and coral reef ecosystems. Consequently, safeguarding marine habitats requires targeted conservation efforts alongside global emission abatement.",1,AI
"When evaluating modern paradigms, several interconnected factors emerge. Microbiome research underscores the intricate bidirectional communication pathway between gut flora and neurological systems. Consuming prebiotic fibers and fermented foods supports microbial diversity, conferring systemic physiological benefits. Consequently, experts emphasize the need for balanced strategies. Literary narratives reflect the socio-political dynamics and philosophical inquiries of their respective historical epochs. Authors employ figurative language, thematic allegory, and character arcs to interrogate cultural values and human motivations.",1,AI
"I was talking to a friend about this exact thing recently. Online lectures during the pandemic were surreal. Half the class had their cameras turned off, somebody's dog was barking in the background, and the professor spoke while muted for fifteen whole minutes. To be frank, it really makes you reconsider your habits. The best professors aren't the ones who know the most formulas; they are the ones who can explain why a formula actually matters without making you feel stupid for asking a basic question.",0,Human
"Cloud computing architecture facilitates seamless scalability for enterprise applications. It is important to recognize that virtualization optimizes resource allocation while mitigating localized hardware dependencies. In addition, distributed databases ensure high availability across redundant availability zones. In addition to these considerations, it is crucial to analyze the broader implications. Natural language processing has witnessed substantial milestones with the advent of transformer architectures. These architectures utilize self-attention mechanisms to weigh contextual token relationships across bidirectional contexts, yielding coherent textual synthesis.",1,AI
"Solar panels on our terrace finally got hooked up to the local grid this Tuesday! Watching the electric meter spin backward in the blazing afternoon heat was oddly exhilarating. Honestly, thinking about it now, that's just how life goes. Composting kitchen scraps seemed intimidating at first, but once you get the dry leaves to wet peelings ratio right, you end up with rich black soil that makes tomato plants go crazy.",0,Human
"There's something deeply humbling about hiking up a ridge at sunrise and watching fog roll through the valley below. You realize just how tiny human concerns really are. Honestly, thinking about it now, that's just how life goes. The best professors aren't the ones who know the most formulas; they are the ones who can explain why a formula actually matters without making you feel stupid for asking a basic question.",0,Human
"Going to the gym consistently is 80 percent mental resistance. Once you put your running shoes on and step through the door, the workout itself is never as bad as lying on the couch dreading it. Honestly, thinking about it now, that's just how life goes. Learning to cook as an adult is thrilling because you realize restaurant magic is mostly just generous amounts of butter, garlic, and high heat.",0,Human
"I was talking to a friend about this exact thing recently. Sleep deprivation is insidious. You convince yourself you function fine on five hours, until you try to remember where you parked your scooter or put your keys in the refrigerator. To be frank, it really makes you reconsider your habits. There's nothing quite like street-side pani puri on a humid evening. The crisp puri bursting with spicy tangy mint water instantly wipes out a stressful workday.",0,Human
"When evaluating modern paradigms, several interconnected factors emerge. Linguistic typology studies structural and grammatical variation across world languages. Comparative linguistics reveals systemic morphological evolutions and historical migration pathways across language families. Consequently, experts emphasize the need for balanced strategies. Artificial intelligence has emerged as a transformative paradigm across modern industries. By leveraging complex statistical patterns and machine learning algorithms, modern systems can process unstructured data with remarkable efficiency. Furthermore, continuous advances in computational hardware have accelerated deployment cycles.",1,AI
I'm not completely convinced that automated driving is ready for Indian roads or rush hour anywhere. Have you seen how people cut across three lanes without warning? An algorithm would freeze up from pure panic in five seconds.,0,Human
Here is my hot take on this: Home-cooked dal tadka with freshly steamed basmati rice and a dollop of ghee beats any five-star restaurant meal on a rainy Sunday afternoon. And don't get me started on the rest of it! I tried that trending green smoothie recipe with kale and ginger. It tasted like lawn clippings soaked in lemon juice. Life is too short to drink grass pulp for breakfast.,0,Human
"I deleted Instagram last month, and to be honest, my attention span improved almost immediately. I don't feel that nagging urge to document my morning oatmeal anymore. Honestly, thinking about it now, that's just how life goes. Every software update seems to move things around just for the sake of making it look different. Why bury the audio settings three menus deeper than they were last week?",0,Human
"Here is my hot take on this: History is written by survivors, but folk ballads preserve what ordinary villagers actually suffered while kings fought over boundary markers. And don't get me started on the rest of it! Languages carry unique worldviews. Untranslatable words like 'saudade' or 'jugaad' prove that human culture can't be compressed into standardized dictionary definitions.",0,Human
"Here is my hot take on this: Black and white cinema holds a dramatic weight that saturated 4K CGI often misses. When light and shadow do all the storytelling, every facial flicker matters. And don't get me started on the rest of it! A museum without proper context is just a warehouse of old relics. But when a good curator tells the human story behind a rusty bronze coin, history suddenly comes alive.",0,Human
"Hands-on lab experiments teach you twice as much as three textbook derivations. When a circuit actually smokes because you wired a resistor wrong, you never forget Ohm's law again.",0,Human
"Here is my hot take on this: People worry about superintelligent robots taking over the world, but yesterday my phone autocorrected 'definitely' to 'deflated' four times in a row. We are safe for a while. And don't get me started on the rest of it! I tried building my own mechanical keyboard last summer. Lubing every individual switch was painfully tedious, but the satisfying clack sound made every cramped finger worth it.",0,Human
"Furthermore, systematic investigations reveal substantial correlations. Chronic physiological stress elevates systemic cortisol levels, potentially impairing immune function and cardiovascular health. Incorporating structured relaxation techniques, such as mindfulness meditation, assists in mitigating autonomic nervous system arousal. Ultimately, achieving sustainable outcomes requires ongoing coordination. Hydration is critical for cellular metabolic processes, thermoregulation, and joint lubrication. Adequate daily fluid intake ensures the preservation of cognitive alertness and renal physiological function.",1,AI
"I was talking to a friend about this exact thing recently. History is written by survivors, but folk ballads preserve what ordinary villagers actually suffered while kings fought over boundary markers. To be frank, it really makes you reconsider your habits. Visiting ancient stone temples carved out of single granite boulders makes modern steel architecture look oddly transient. How did artisans without lasers carve such perfect symmetries a thousand years ago?",0,Human
"Furthermore, systematic investigations reveal substantial correlations. Immunization programs constitute one of the most cost-effective public health interventions in modern medicine. Herd immunity thresholds protect vulnerable populations from infectious pathologies through systematic vaccination coverage. Ultimately, achieving sustainable outcomes requires ongoing coordination. Workplace ergonomics promotes musculoskeletal health by optimizing posture, workstation arrangement, and task distribution. Implementing ergonomic standards substantially decreases occupational strain injuries and improves workplace productivity.",1,AI
"Furthermore, systematic investigations reveal substantial correlations. Poetic structures, ranging from sonnets to blank verse, exploit metrical rhythms and phonological patterns to evoke profound cognitive and affective responses. Structural constraints often amplify thematic expression. Ultimately, achieving sustainable outcomes requires ongoing coordination. Historical historiography requires critical evaluation of primary documentation, archaeological artifacts, and contextual perspectives. Discerning inherent biases in archival records is essential for constructing objective historical narratives.",1,AI
"When evaluating modern paradigms, several interconnected factors emerge. Preventative healthcare strategies focus on early diagnostic screening and lifestyle interventions to attenuate chronic illness incidence. Proactive wellness management represents a cost-effective alternative to reactive acute medical interventions. Consequently, experts emphasize the need for balanced strategies. Workplace ergonomics promotes musculoskeletal health by optimizing posture, workstation arrangement, and task distribution. Implementing ergonomic standards substantially decreases occupational strain injuries and improves workplace productivity.",1,AI
"Architectural heritage serves as tangible evidence of civilizational achievements, aesthetic philosophies, and engineering prowess. Conserving historical monuments ensures cultural continuity and enriches our understanding of ancestral societies. In addition to these considerations, it is crucial to analyze the broader implications. The Industrial Revolution fundamentally altered global economic landscapes, labor dynamics, and demographic distributions. While rapid technological mechanization expanded production efficiency, it simultaneously prompted complex labor welfare questions.",1,AI
"I tried building my own mechanical keyboard last summer. Lubing every individual switch was painfully tedious, but the satisfying clack sound made every cramped finger worth it. Honestly, thinking about it now, that's just how life goes. Solar panels on our terrace finally got hooked up to the local grid this Tuesday! Watching the electric meter spin backward in the blazing afternoon heat was oddly exhilarating.",0,Human
Digital literacy is an indispensable competency within twenty-first-century educational curricula. Equipping learners with information verification skills and algorithmic awareness enables critical navigation of information ecosystems.,1,AI
"Digital literacy is an indispensable competency within twenty-first-century educational curricula. Equipping learners with information verification skills and algorithmic awareness enables critical navigation of information ecosystems. In addition to these considerations, it is crucial to analyze the broader implications. Vocational education programs provide targeted technical competencies aligned with industrial requirements. Establishing robust partnerships between vocational institutions and industry stakeholders enhances graduate employability and economic productivity.",1,AI
I changed my major twice before figuring out what I actually wanted to work on. Society rushes 18-year-olds into lifetime decisions way too early.,0,Human
Preventative healthcare strategies focus on early diagnostic screening and lifestyle interventions to attenuate chronic illness incidence. Proactive wellness management represents a cost-effective alternative to reactive acute medical interventions.,1,AI
"When evaluating modern paradigms, several interconnected factors emerge. The Industrial Revolution fundamentally altered global economic landscapes, labor dynamics, and demographic distributions. While rapid technological mechanization expanded production efficiency, it simultaneously prompted complex labor welfare questions. Consequently, experts emphasize the need for balanced strategies. Dramatic theater provides an immersive medium for exploring existential dilemmas, interpersonal conflict, and societal critique. The synthesis of stagecraft, vocal delivery, and narrative drama produces cathartic audience experiences.",1,AI
"I was talking to a friend about this exact thing recently. I deleted Instagram last month, and to be honest, my attention span improved almost immediately. I don't feel that nagging urge to document my morning oatmeal anymore. To be frank, it really makes you reconsider your habits. I'm not completely convinced that automated driving is ready for Indian roads or rush hour anywhere. Have you seen how people cut across three lanes without warning? An algorithm would freeze up from pure panic in five seconds.",0,Human
Here is my hot take on this: Painting with watercolors is brutal because mistakes can't be painted over with white acrylic. You either embrace the accidental bleed or start from scratch on fresh paper. And don't get me started on the rest of it! I'm not completely convinced that automated driving is ready for Indian roads or rush hour anywhere. Have you seen how people cut across three lanes without warning? An algorithm would freeze up from pure panic in five seconds.,0,Human
"When evaluating modern paradigms, several interconnected factors emerge. Ocean acidification, driven by elevated atmospheric carbon dioxide absorption, poses severe threats to marine calcifying organisms and coral reef ecosystems. Consequently, safeguarding marine habitats requires targeted conservation efforts alongside global emission abatement. Consequently, experts emphasize the need for balanced strategies. Atmospheric particulate matter, specifically PM2.5, contributes significantly to respiratory and cardiovascular mortality rates in industrial corridors. Stricter emissions compliance and low-emission transit alternatives are vital for public health preservation.",1,AI
"Recycling plastic feels like a personal guilt trip pushed on consumers while massive manufacturing corporations dump tons of untreated runoff into rivers every single hour. Honestly, thinking about it now, that's just how life goes. City parks are not just aesthetic decorations; they are literal lifelines for urban sanity. If I can't sit under a neem or banyan tree after eight hours of Excel spreadsheets, my brain fries.",0,Human
"A museum without proper context is just a warehouse of old relics. But when a good curator tells the human story behind a rusty bronze coin, history suddenly comes alive. Honestly, thinking about it now, that's just how life goes. My grandmother called me in a panic because her iPad screen rotated and she thought the entire device broke. It took twenty minutes of explaining before she realized she could just twist it back around. Tech literacy is wild.",0,Human
"Sharing cold samosas and chai with batchmates in the canteen after surviving a brutal viva exam is where real friendships are forged. Honestly, thinking about it now, that's just how life goes. My dad refuses to follow GPS instructions. He insists on asking the roadside tea stall vendor for directions because 'a local person knows shortcuts no satellite can detect.' And half the time, he's actually right.",0,Human
"When evaluating modern paradigms, several interconnected factors emerge. Urban forestry initiatives provide significant microclimate moderation and air quality improvements in dense metropolitan regions. Furthermore, permeable pavements and green roofs mitigate urban heat island effects while enhancing stormwater management. Consequently, experts emphasize the need for balanced strategies. Sustainable agricultural methodologies, such as precision irrigation and regenerative soil practices, enhance agricultural yields while conserving vital freshwater reserves. These techniques ensure food security in the face of shifting climatic patterns.",1,AI
"History is written by survivors, but folk ballads preserve what ordinary villagers actually suffered while kings fought over boundary markers.",0,Human
"Immunization programs constitute one of the most cost-effective public health interventions in modern medicine. Herd immunity thresholds protect vulnerable populations from infectious pathologies through systematic vaccination coverage. In addition to these considerations, it is crucial to analyze the broader implications. Historical historiography requires critical evaluation of primary documentation, archaeological artifacts, and contextual perspectives. Discerning inherent biases in archival records is essential for constructing objective historical narratives.",1,AI
"Ocean acidification, driven by elevated atmospheric carbon dioxide absorption, poses severe threats to marine calcifying organisms and coral reef ecosystems. Consequently, safeguarding marine habitats requires targeted conservation efforts alongside global emission abatement.",1,AI
"Hydration is critical for cellular metabolic processes, thermoregulation, and joint lubrication. Adequate daily fluid intake ensures the preservation of cognitive alertness and renal physiological function.",1,AI
"I was talking to a friend about this exact thing recently. Honestly, I spent three hours yesterday just trying to get this printer to connect to my Wi-Fi. Every time tech promises to make our lives seamless, we end up staring at blinking lights wondering why Bluetooth suddenly decided to give up on us. To be frank, it really makes you reconsider your habits. Languages carry unique worldviews. Untranslatable words like 'saudade' or 'jugaad' prove that human culture can't be compressed into standardized dictionary definitions.",0,Human
"Here is my hot take on this: Sharing cold samosas and chai with batchmates in the canteen after surviving a brutal viva exam is where real friendships are forged. And don't get me started on the rest of it! My dad refuses to follow GPS instructions. He insists on asking the roadside tea stall vendor for directions because 'a local person knows shortcuts no satellite can detect.' And half the time, he's actually right.",0,Human
"Here is my hot take on this: I planted three saplings along our boundary wall five years ago. Today they are taller than our second-floor balcony, filled with sparrows every evening. And don't get me started on the rest of it! Group projects are an unpaid lesson in human psychology. One person does 90 percent of the research, one formats the slides, and two show up on presentation day smiling like they co-authored the thesis.",0,Human
Solar panels on our terrace finally got hooked up to the local grid this Tuesday! Watching the electric meter spin backward in the blazing afternoon heat was oddly exhilarating.,0,Human
"Sleep deprivation is insidious. You convince yourself you function fine on five hours, until you try to remember where you parked your scooter or put your keys in the refrigerator.",0,Human
Sharing cold samosas and chai with batchmates in the canteen after surviving a brutal viva exam is where real friendships are forged.,0,Human
"I was talking to a friend about this exact thing recently. Hands-on lab experiments teach you twice as much as three textbook derivations. When a circuit actually smokes because you wired a resistor wrong, you never forget Ohm's law again. To be frank, it really makes you reconsider your habits. I remember sitting in the library basement surrounded by photocopied lecture notes, trying to decipher handwriting from three weeks ago. College pre-exam stress is a distinct brand of chaos.",0,Human
"City parks are not just aesthetic decorations; they are literal lifelines for urban sanity. If I can't sit under a neem or banyan tree after eight hours of Excel spreadsheets, my brain fries. Honestly, thinking about it now, that's just how life goes. Electric vehicles are a step forward, sure, but what happens to the massive lithium batteries fifteen years down the road? We need circular recycling, not just trading one extraction mess for another.",0,Human
"Furthermore, systematic investigations reveal substantial correlations. Interdisciplinary research initiatives encourage the convergence of scientific inquiry, technological innovation, and humanities scholarship. Such integrative frameworks are essential for addressing complex global challenges effectively. Ultimately, achieving sustainable outcomes requires ongoing coordination. Assessment methodologies are increasingly incorporating formative evaluation frameworks alongside traditional summative examinations. This balanced approach provides continuous feedback mechanisms that support incremental learning outcomes.",1,AI
"When evaluating modern paradigms, several interconnected factors emerge. Edge computing processes computational tasks locally rather than relying exclusively on distant data centers. This paradigm significantly diminishes latency and bandwidth consumption, making it particularly advantageous for real-time applications. Consequently, experts emphasize the need for balanced strategies. Climate change poses significant ecological and economic risks to global sustainability. Rising greenhouse gas emissions have catalyzed global temperature anomalies, leading to accelerated glacial retreat and frequent meteorological extremes. Addressing this imperative necessitates coordinated multilateral interventions.",1,AI
"I was talking to a friend about this exact thing recently. Music has this uncanny power of emotional time travel. A five-second melody from a song you listened to in 2018 instantly transports you back to that specific bus seat and sunset. To be frank, it really makes you reconsider your habits. Kafka had it right: bureaucratic systems aren't intentionally evil; they are just cold labyrinths of procedural indifference where individual humanity gets stamped out by carbon copies.",0,Human
"Poetic structures, ranging from sonnets to blank verse, exploit metrical rhythms and phonological patterns to evoke profound cognitive and affective responses. Structural constraints often amplify thematic expression.",1,AI
"Cloud computing architecture facilitates seamless scalability for enterprise applications. It is important to recognize that virtualization optimizes resource allocation while mitigating localized hardware dependencies. In addition, distributed databases ensure high availability across redundant availability zones.",1,AI
"Here is my hot take on this: I tried writing a short novel during quarantine. It took fifty pages before I realized my protagonist had no goal, no obstacle, and was basically just me whining on paper. And don't get me started on the rest of it! Painting with watercolors is brutal because mistakes can't be painted over with white acrylic. You either embrace the accidental bleed or start from scratch on fresh paper.",0,Human
"Sustainable agricultural methodologies, such as precision irrigation and regenerative soil practices, enhance agricultural yields while conserving vital freshwater reserves. These techniques ensure food security in the face of shifting climatic patterns. In addition to these considerations, it is crucial to analyze the broader implications. Water resource management requires balanced allocations between agricultural demands, industrial consumption, and domestic sanitation. Automated telemetry systems assist municipal planners in optimizing water delivery networks efficiently.",1,AI
"Atmospheric particulate matter, specifically PM2.5, contributes significantly to respiratory and cardiovascular mortality rates in industrial corridors. Stricter emissions compliance and low-emission transit alternatives are vital for public health preservation. In addition to these considerations, it is crucial to analyze the broader implications. Collaborative learning environments foster critical thinking and interpersonal communication skills among academic cohorts. Group discussions and peer review processes encourage students to evaluate multifaceted perspectives and construct well-reasoned arguments.",1,AI
"Hands-on lab experiments teach you twice as much as three textbook derivations. When a circuit actually smokes because you wired a resistor wrong, you never forget Ohm's law again. Honestly, thinking about it now, that's just how life goes. I changed my major twice before figuring out what I actually wanted to work on. Society rushes 18-year-olds into lifetime decisions way too early.",0,Human
Visiting ancient stone temples carved out of single granite boulders makes modern steel architecture look oddly transient. How did artisans without lasers carve such perfect symmetries a thousand years ago?,0,Human
"Educational pedagogy has transitioned toward learner-centric paradigms facilitated by educational technology platforms. Interactive modules and adaptive learning algorithms customize curriculum delivery based on individual student comprehension trajectories. In addition to these considerations, it is crucial to analyze the broader implications. Experiential learning bridges theoretical knowledge and practical execution by engaging learners in authentic problem-solving scenarios. Laboratory simulations and field internships provide invaluable context for abstract academic principles.",1,AI
"I was talking to a friend about this exact thing recently. Morning routines with twenty-five steps recommended by productivity influencers are absurd. Get out of bed, wash your face, drink some water, and get to work. To be frank, it really makes you reconsider your habits. Sleep deprivation is insidious. You convince yourself you function fine on five hours, until you try to remember where you parked your scooter or put your keys in the refrigerator.",0,Human
"When evaluating modern paradigms, several interconnected factors emerge. Cloud computing architecture facilitates seamless scalability for enterprise applications. It is important to recognize that virtualization optimizes resource allocation while mitigating localized hardware dependencies. In addition, distributed databases ensure high availability across redundant availability zones. Consequently, experts emphasize the need for balanced strategies. Natural language processing has witnessed substantial milestones with the advent of transformer architectures. These architectures utilize self-attention mechanisms to weigh contextual token relationships across bidirectional contexts, yielding coherent textual synthesis.",1,AI
"Vocational education programs provide targeted technical competencies aligned with industrial requirements. Establishing robust partnerships between vocational institutions and industry stakeholders enhances graduate employability and economic productivity. In addition to these considerations, it is crucial to analyze the broader implications. Regular aerobic exercise is documented to confer comprehensive cardiovascular and cognitive benefits. Physical exertion stimulates neurotrophic factor release, thereby supporting neuroplasticity and emotional well-being across demographic cohorts.",1,AI
Coding at 2 AM with a lukewarm mug of instant coffee hits different. You fix one missing semicolon and suddenly three new bugs emerge out of nowhere like mythical hydra heads.,0,Human
"The integration of Internet of Things (IoT) sensors within smart infrastructure enables automated monitoring and predictive maintenance. Consequently, operational bottlenecks can be proactively identified and resolved before causing systemic disruptions. In addition to these considerations, it is crucial to analyze the broader implications. Autonomous vehicles utilize a combination of computer vision, LiDAR, and radar telemetry to navigate dynamic traffic environments. It is worth noting that sensor fusion algorithms are essential for synthesizing disparate sensory inputs into accurate spatial maps.",1,AI
"Workplace ergonomics promotes musculoskeletal health by optimizing posture, workstation arrangement, and task distribution. Implementing ergonomic standards substantially decreases occupational strain injuries and improves workplace productivity. In addition to these considerations, it is crucial to analyze the broader implications. Immunization programs constitute one of the most cost-effective public health interventions in modern medicine. Herd immunity thresholds protect vulnerable populations from infectious pathologies through systematic vaccination coverage.",1,AI
"Honestly, I spent three hours yesterday just trying to get this printer to connect to my Wi-Fi. Every time tech promises to make our lives seamless, we end up staring at blinking lights wondering why Bluetooth suddenly decided to give up on us. Honestly, thinking about it now, that's just how life goes. We keep building smart gadgets for things nobody asked for. A smart toaster that sends push notifications to my phone when bread is browned? Why? Just look inside the slot with your own eyes!",0,Human
"Good poetry doesn't decorate language; it strips away pretension until only raw emotional truth is left bare on the page. Honestly, thinking about it now, that's just how life goes. Black and white cinema holds a dramatic weight that saturated 4K CGI often misses. When light and shadow do all the storytelling, every facial flicker matters.",0,Human
"When evaluating modern paradigms, several interconnected factors emerge. Regular aerobic exercise is documented to confer comprehensive cardiovascular and cognitive benefits. Physical exertion stimulates neurotrophic factor release, thereby supporting neuroplasticity and emotional well-being across demographic cohorts. Consequently, experts emphasize the need for balanced strategies. Preventative healthcare strategies focus on early diagnostic screening and lifestyle interventions to attenuate chronic illness incidence. Proactive wellness management represents a cost-effective alternative to reactive acute medical interventions.",1,AI
Here is my hot take on this: I tried that trending green smoothie recipe with kale and ginger. It tasted like lawn clippings soaked in lemon juice. Life is too short to drink grass pulp for breakfast. And don't get me started on the rest of it! Kafka had it right: bureaucratic systems aren't intentionally evil; they are just cold labyrinths of procedural indifference where individual humanity gets stamped out by carbon copies.,0,Human
"Here is my hot take on this: I remember sitting in the library basement surrounded by photocopied lecture notes, trying to decipher handwriting from three weeks ago. College pre-exam stress is a distinct brand of chaos. And don't get me started on the rest of it! Hands-on lab experiments teach you twice as much as three textbook derivations. When a circuit actually smokes because you wired a resistor wrong, you never forget Ohm's law again.",0,Human
Museum curation bridges academic research and public engagement by presenting curated collections within coherent interpretive frameworks. Curatorial strategies stimulate critical dialogue regarding cultural representation.,1,AI
"I was talking to a friend about this exact thing recently. Visiting ancient stone temples carved out of single granite boulders makes modern steel architecture look oddly transient. How did artisans without lasers carve such perfect symmetries a thousand years ago? To be frank, it really makes you reconsider your habits. Morning routines with twenty-five steps recommended by productivity influencers are absurd. Get out of bed, wash your face, drink some water, and get to work.",0,Human
"Renewable energy systems, including photovoltaic solar arrays and wind turbines, are pivotal in transitioning toward carbon-neutral infrastructure. Moreover, investment in battery energy storage systems addresses the intermittency challenges inherent to renewable generation.",1,AI
Languages carry unique worldviews. Untranslatable words like 'saudade' or 'jugaad' prove that human culture can't be compressed into standardized dictionary definitions.,0,Human
There's nothing quite like street-side pani puri on a humid evening. The crisp puri bursting with spicy tangy mint water instantly wipes out a stressful workday.,0,Human
"Furthermore, systematic investigations reveal substantial correlations. Software containerization via tools like Docker and Kubernetes streamlines application deployment across heterogeneous environments. This methodology fosters modular development practices and facilitates robust microservices architecture. Ultimately, achieving sustainable outcomes requires ongoing coordination. Autonomous vehicles utilize a combination of computer vision, LiDAR, and radar telemetry to navigate dynamic traffic environments. It is worth noting that sensor fusion algorithms are essential for synthesizing disparate sensory inputs into accurate spatial maps.",1,AI
"I was talking to a friend about this exact thing recently. Learning to cook as an adult is thrilling because you realize restaurant magic is mostly just generous amounts of butter, garlic, and high heat. To be frank, it really makes you reconsider your habits. Going to the gym consistently is 80 percent mental resistance. Once you put your running shoes on and step through the door, the workout itself is never as bad as lying on the couch dreading it.",0,Human
"When evaluating modern paradigms, several interconnected factors emerge. Hydration is critical for cellular metabolic processes, thermoregulation, and joint lubrication. Adequate daily fluid intake ensures the preservation of cognitive alertness and renal physiological function. Consequently, experts emphasize the need for balanced strategies. Chronic physiological stress elevates systemic cortisol levels, potentially impairing immune function and cardiovascular health. Incorporating structured relaxation techniques, such as mindfulness meditation, assists in mitigating autonomic nervous system arousal.",1,AI
Standardized entrance exams measure speed and test-taking tricks far more than actual curiosity or deep conceptual mastery. It burns kids out before they even choose a career.,0,Human
"Furthermore, systematic investigations reveal substantial correlations. Experiential learning bridges theoretical knowledge and practical execution by engaging learners in authentic problem-solving scenarios. Laboratory simulations and field internships provide invaluable context for abstract academic principles. Ultimately, achieving sustainable outcomes requires ongoing coordination. Educational pedagogy has transitioned toward learner-centric paradigms facilitated by educational technology platforms. Interactive modules and adaptive learning algorithms customize curriculum delivery based on individual student comprehension trajectories.",1,AI
"I was talking to a friend about this exact thing recently. I tried writing a short novel during quarantine. It took fifty pages before I realized my protagonist had no goal, no obstacle, and was basically just me whining on paper. To be frank, it really makes you reconsider your habits. Music has this uncanny power of emotional time travel. A five-second melody from a song you listened to in 2018 instantly transports you back to that specific bus seat and sunset.",0,Human
"When evaluating modern paradigms, several interconnected factors emerge. Cybersecurity protocols must continuously evolve to address emerging cryptographic challenges. Multi-factor authentication, endpoint encryption, and automated intrusion detection systems play a crucial role in safeguarding sensitive user information. Consequently, experts emphasize the need for balanced strategies. Blockchain technology offers a decentralized ledger system characterized by immutability and cryptographic verification. By eliminating centralized intermediaries, smart contracts facilitate transparent transactions across peer-to-peer networks.",1,AI
"Furthermore, systematic investigations reveal substantial correlations. Ocean acidification, driven by elevated atmospheric carbon dioxide absorption, poses severe threats to marine calcifying organisms and coral reef ecosystems. Consequently, safeguarding marine habitats requires targeted conservation efforts alongside global emission abatement. Ultimately, achieving sustainable outcomes requires ongoing coordination. Biodiversity conservation is essential for maintaining ecosystem resilience and supporting ecological services. Habitat fragmentation, deforestation, and anthropogenic pollution undermine critical ecological equilibria, necessitating rigorous preservation policies.",1,AI
"Here is my hot take on this: Cramming four chapters of operational research the night before the semester exam is a rite of passage no engineering student escapes. You swear you'll study early next semester, but you never do. And don't get me started on the rest of it! I remember sitting in the library basement surrounded by photocopied lecture notes, trying to decipher handwriting from three weeks ago. College pre-exam stress is a distinct brand of chaos.",0,Human
"Literary narratives reflect the socio-political dynamics and philosophical inquiries of their respective historical epochs. Authors employ figurative language, thematic allegory, and character arcs to interrogate cultural values and human motivations. In addition to these considerations, it is crucial to analyze the broader implications. Architectural heritage serves as tangible evidence of civilizational achievements, aesthetic philosophies, and engineering prowess. Conserving historical monuments ensures cultural continuity and enriches our understanding of ancestral societies.",1,AI
"Here is my hot take on this: Solar panels on our terrace finally got hooked up to the local grid this Tuesday! Watching the electric meter spin backward in the blazing afternoon heat was oddly exhilarating. And don't get me started on the rest of it! Composting kitchen scraps seemed intimidating at first, but once you get the dry leaves to wet peelings ratio right, you end up with rich black soil that makes tomato plants go crazy.",0,Human
"Biodiversity conservation is essential for maintaining ecosystem resilience and supporting ecological services. Habitat fragmentation, deforestation, and anthropogenic pollution undermine critical ecological equilibria, necessitating rigorous preservation policies.",1,AI
"Here is my hot take on this: Recycling plastic feels like a personal guilt trip pushed on consumers while massive manufacturing corporations dump tons of untreated runoff into rivers every single hour. And don't get me started on the rest of it! City parks are not just aesthetic decorations; they are literal lifelines for urban sanity. If I can't sit under a neem or banyan tree after eight hours of Excel spreadsheets, my brain fries.",0,Human
"I was talking to a friend about this exact thing recently. Solar panels on our terrace finally got hooked up to the local grid this Tuesday! Watching the electric meter spin backward in the blazing afternoon heat was oddly exhilarating. To be frank, it really makes you reconsider your habits. I tried building my own mechanical keyboard last summer. Lubing every individual switch was painfully tedious, but the satisfying clack sound made every cramped finger worth it.",0,Human
Every software update seems to move things around just for the sake of making it look different. Why bury the audio settings three menus deeper than they were last week?,0,Human
"The circular economy model seeks to decouple economic growth from finite resource extraction. By prioritizing durable product design, modular repairability, and comprehensive recycling streams, industrial systems can dramatically minimize aggregate waste generation.",1,AI
"Furthermore, systematic investigations reveal substantial correlations. Water resource management requires balanced allocations between agricultural demands, industrial consumption, and domestic sanitation. Automated telemetry systems assist municipal planners in optimizing water delivery networks efficiently. Ultimately, achieving sustainable outcomes requires ongoing coordination. Sustainable agricultural methodologies, such as precision irrigation and regenerative soil practices, enhance agricultural yields while conserving vital freshwater reserves. These techniques ensure food security in the face of shifting climatic patterns.",1,AI
"City parks are not just aesthetic decorations; they are literal lifelines for urban sanity. If I can't sit under a neem or banyan tree after eight hours of Excel spreadsheets, my brain fries.",0,Human
Here is my hot take on this: There's something deeply humbling about hiking up a ridge at sunrise and watching fog roll through the valley below. You realize just how tiny human concerns really are. And don't get me started on the rest of it! The best professors aren't the ones who know the most formulas; they are the ones who can explain why a formula actually matters without making you feel stupid for asking a basic question.,0,Human
Kafka had it right: bureaucratic systems aren't intentionally evil; they are just cold labyrinths of procedural indifference where individual humanity gets stamped out by carbon copies.,0,Human
"Furthermore, systematic investigations reveal substantial correlations. The Renaissance epoch catalyzed profound shifts in European intellectual and artistic inquiry. By revitalizing classical humanistic traditions, scholars and artists fostered empirical observation that laid the groundwork for modern scientific thought. Ultimately, achieving sustainable outcomes requires ongoing coordination. Chronic physiological stress elevates systemic cortisol levels, potentially impairing immune function and cardiovascular health. Incorporating structured relaxation techniques, such as mindfulness meditation, assists in mitigating autonomic nervous system arousal.",1,AI
"When evaluating modern paradigms, several interconnected factors emerge. Digital literacy is an indispensable competency within twenty-first-century educational curricula. Equipping learners with information verification skills and algorithmic awareness enables critical navigation of information ecosystems. Consequently, experts emphasize the need for balanced strategies. Vocational education programs provide targeted technical competencies aligned with industrial requirements. Establishing robust partnerships between vocational institutions and industry stakeholders enhances graduate employability and economic productivity.",1,AI
"Here is my hot take on this: Morning routines with twenty-five steps recommended by productivity influencers are absurd. Get out of bed, wash your face, drink some water, and get to work. And don't get me started on the rest of it! Visiting ancient stone temples carved out of single granite boulders makes modern steel architecture look oddly transient. How did artisans without lasers carve such perfect symmetries a thousand years ago?",0,Human
"Furthermore, systematic investigations reveal substantial correlations. Biodiversity conservation is essential for maintaining ecosystem resilience and supporting ecological services. Habitat fragmentation, deforestation, and anthropogenic pollution undermine critical ecological equilibria, necessitating rigorous preservation policies. Ultimately, achieving sustainable outcomes requires ongoing coordination. Quantum computing represents a fundamental departure from classical binary computation. Utilizing qubits that exist in superposition states, quantum processors possess the potential to solve intractable optimization problems efficiently.",1,AI
"Circadian rhythm synchronization plays a fundamental role in maintaining hormonal regulation, immune function, and cellular repair processes. Maintaining consistent sleep hygiene schedules supports optimal cognitive performance. In addition to these considerations, it is crucial to analyze the broader implications. Hydration is critical for cellular metabolic processes, thermoregulation, and joint lubrication. Adequate daily fluid intake ensures the preservation of cognitive alertness and renal physiological function.",1,AI
"I was talking to a friend about this exact thing recently. A museum without proper context is just a warehouse of old relics. But when a good curator tells the human story behind a rusty bronze coin, history suddenly comes alive. To be frank, it really makes you reconsider your habits. Black and white cinema holds a dramatic weight that saturated 4K CGI often misses. When light and shadow do all the storytelling, every facial flicker matters.",0,Human
"Here is my hot take on this: Sleep deprivation is insidious. You convince yourself you function fine on five hours, until you try to remember where you parked your scooter or put your keys in the refrigerator. And don't get me started on the rest of it! Morning routines with twenty-five steps recommended by productivity influencers are absurd. Get out of bed, wash your face, drink some water, and get to work.",0,Human
"I was talking to a friend about this exact thing recently. Kafka had it right: bureaucratic systems aren't intentionally evil; they are just cold labyrinths of procedural indifference where individual humanity gets stamped out by carbon copies. To be frank, it really makes you reconsider your habits. I tried that trending green smoothie recipe with kale and ginger. It tasted like lawn clippings soaked in lemon juice. Life is too short to drink grass pulp for breakfast.",0,Human
"Ocean acidification, driven by elevated atmospheric carbon dioxide absorption, poses severe threats to marine calcifying organisms and coral reef ecosystems. Consequently, safeguarding marine habitats requires targeted conservation efforts alongside global emission abatement. In addition to these considerations, it is crucial to analyze the broader implications. Atmospheric particulate matter, specifically PM2.5, contributes significantly to respiratory and cardiovascular mortality rates in industrial corridors. Stricter emissions compliance and low-emission transit alternatives are vital for public health preservation.",1,AI
"Chronic physiological stress elevates systemic cortisol levels, potentially impairing immune function and cardiovascular health. Incorporating structured relaxation techniques, such as mindfulness meditation, assists in mitigating autonomic nervous system arousal. In addition to these considerations, it is crucial to analyze the broader implications. The Renaissance epoch catalyzed profound shifts in European intellectual and artistic inquiry. By revitalizing classical humanistic traditions, scholars and artists fostered empirical observation that laid the groundwork for modern scientific thought.",1,AI
"When evaluating modern paradigms, several interconnected factors emerge. Artificial intelligence has emerged as a transformative paradigm across modern industries. By leveraging complex statistical patterns and machine learning algorithms, modern systems can process unstructured data with remarkable efficiency. Furthermore, continuous advances in computational hardware have accelerated deployment cycles. Consequently, experts emphasize the need for balanced strategies. Cybersecurity protocols must continuously evolve to address emerging cryptographic challenges. Multi-factor authentication, endpoint encryption, and automated intrusion detection systems play a crucial role in safeguarding sensitive user information.",1,AI
"Furthermore, systematic investigations reveal substantial correlations. Dramatic theater provides an immersive medium for exploring existential dilemmas, interpersonal conflict, and societal critique. The synthesis of stagecraft, vocal delivery, and narrative drama produces cathartic audience experiences. Ultimately, achieving sustainable outcomes requires ongoing coordination. The Industrial Revolution fundamentally altered global economic landscapes, labor dynamics, and demographic distributions. While rapid technological mechanization expanded production efficiency, it simultaneously prompted complex labor welfare questions.",1,AI
"When evaluating modern paradigms, several interconnected factors emerge. Chronic physiological stress elevates systemic cortisol levels, potentially impairing immune function and cardiovascular health. Incorporating structured relaxation techniques, such as mindfulness meditation, assists in mitigating autonomic nervous system arousal. Consequently, experts emphasize the need for balanced strategies. The Renaissance epoch catalyzed profound shifts in European intellectual and artistic inquiry. By revitalizing classical humanistic traditions, scholars and artists fostered empirical observation that laid the groundwork for modern scientific thought.",1,AI
"Furthermore, systematic investigations reveal substantial correlations. Educational pedagogy has transitioned toward learner-centric paradigms facilitated by educational technology platforms. Interactive modules and adaptive learning algorithms customize curriculum delivery based on individual student comprehension trajectories. Ultimately, achieving sustainable outcomes requires ongoing coordination. Deforestation in tropical rainforests diminishes global carbon sequestration capacity and accelerates species extinction rates. Implementing satellite-based canopy monitoring and enforcing sustainable land-use regulations are indispensable components of international conservation strategies.",1,AI
"When evaluating modern paradigms, several interconnected factors emerge. Blockchain technology offers a decentralized ledger system characterized by immutability and cryptographic verification. By eliminating centralized intermediaries, smart contracts facilitate transparent transactions across peer-to-peer networks. Consequently, experts emphasize the need for balanced strategies. Quantum computing represents a fundamental departure from classical binary computation. Utilizing qubits that exist in superposition states, quantum processors possess the potential to solve intractable optimization problems efficiently.",1,AI
"Here is my hot take on this: Going to the gym consistently is 80 percent mental resistance. Once you put your running shoes on and step through the door, the workout itself is never as bad as lying on the couch dreading it. And don't get me started on the rest of it! Learning to cook as an adult is thrilling because you realize restaurant magic is mostly just generous amounts of butter, garlic, and high heat.",0,Human
"I was talking to a friend about this exact thing recently. I remember sitting in the library basement surrounded by photocopied lecture notes, trying to decipher handwriting from three weeks ago. College pre-exam stress is a distinct brand of chaos. To be frank, it really makes you reconsider your habits. Cramming four chapters of operational research the night before the semester exam is a rite of passage no engineering student escapes. You swear you'll study early next semester, but you never do.",0,Human
Music has this uncanny power of emotional time travel. A five-second melody from a song you listened to in 2018 instantly transports you back to that specific bus seat and sunset.,0,Human
"Reading an actual paper book with physical pages before bed beats scrolling through endless blue-light feeds every single night. Honestly, thinking about it now, that's just how life goes. Good poetry doesn't decorate language; it strips away pretension until only raw emotional truth is left bare on the page.",0,Human
"Making sourdough bread taught me patience like nothing else. You feed a flour-and-water paste for a week, wait twelve hours for dough proofing, and if the temperature drops two degrees, your loaf turns into a doorstop. Honestly, thinking about it now, that's just how life goes. Going to the gym consistently is 80 percent mental resistance. Once you put your running shoes on and step through the door, the workout itself is never as bad as lying on the couch dreading it.",0,Human
"Furthermore, systematic investigations reveal substantial correlations. Assessment methodologies are increasingly incorporating formative evaluation frameworks alongside traditional summative examinations. This balanced approach provides continuous feedback mechanisms that support incremental learning outcomes. Ultimately, achieving sustainable outcomes requires ongoing coordination. Water resource management requires balanced allocations between agricultural demands, industrial consumption, and domestic sanitation. Automated telemetry systems assist municipal planners in optimizing water delivery networks efficiently.",1,AI
"Cybersecurity protocols must continuously evolve to address emerging cryptographic challenges. Multi-factor authentication, endpoint encryption, and automated intrusion detection systems play a crucial role in safeguarding sensitive user information. In addition to these considerations, it is crucial to analyze the broader implications. Blockchain technology offers a decentralized ledger system characterized by immutability and cryptographic verification. By eliminating centralized intermediaries, smart contracts facilitate transparent transactions across peer-to-peer networks.",1,AI
Here is my hot take on this: My grandmother called me in a panic because her iPad screen rotated and she thought the entire device broke. It took twenty minutes of explaining before she realized she could just twist it back around. Tech literacy is wild. And don't get me started on the rest of it! Coding at 2 AM with a lukewarm mug of instant coffee hits different. You fix one missing semicolon and suddenly three new bugs emerge out of nowhere like mythical hydra heads.,0,Human
"Cybersecurity protocols must continuously evolve to address emerging cryptographic challenges. Multi-factor authentication, endpoint encryption, and automated intrusion detection systems play a crucial role in safeguarding sensitive user information.",1,AI
My grandmother called me in a panic because her iPad screen rotated and she thought the entire device broke. It took twenty minutes of explaining before she realized she could just twist it back around. Tech literacy is wild.,0,Human
Painting with watercolors is brutal because mistakes can't be painted over with white acrylic. You either embrace the accidental bleed or start from scratch on fresh paper.,0,Human
"Regular aerobic exercise is documented to confer comprehensive cardiovascular and cognitive benefits. Physical exertion stimulates neurotrophic factor release, thereby supporting neuroplasticity and emotional well-being across demographic cohorts.",1,AI
"Sleep deprivation is insidious. You convince yourself you function fine on five hours, until you try to remember where you parked your scooter or put your keys in the refrigerator. Honestly, thinking about it now, that's just how life goes. Morning routines with twenty-five steps recommended by productivity influencers are absurd. Get out of bed, wash your face, drink some water, and get to work.",0,Human
Home-cooked dal tadka with freshly steamed basmati rice and a dollop of ghee beats any five-star restaurant meal on a rainy Sunday afternoon.,0,Human
"When evaluating modern paradigms, several interconnected factors emerge. Natural language processing has witnessed substantial milestones with the advent of transformer architectures. These architectures utilize self-attention mechanisms to weigh contextual token relationships across bidirectional contexts, yielding coherent textual synthesis. Consequently, experts emphasize the need for balanced strategies. Edge computing processes computational tasks locally rather than relying exclusively on distant data centers. This paradigm significantly diminishes latency and bandwidth consumption, making it particularly advantageous for real-time applications.",1,AI
"The Renaissance epoch catalyzed profound shifts in European intellectual and artistic inquiry. By revitalizing classical humanistic traditions, scholars and artists fostered empirical observation that laid the groundwork for modern scientific thought.",1,AI
"Furthermore, systematic investigations reveal substantial correlations. Circadian rhythm synchronization plays a fundamental role in maintaining hormonal regulation, immune function, and cellular repair processes. Maintaining consistent sleep hygiene schedules supports optimal cognitive performance. Ultimately, achieving sustainable outcomes requires ongoing coordination. Lifelong learning has become a prerequisite for career progression within rapidly evolving knowledge economies. Continuing education modules and modular credentials enable professionals to acquire emergent skills throughout their careers.",1,AI
"The integration of Internet of Things (IoT) sensors within smart infrastructure enables automated monitoring and predictive maintenance. Consequently, operational bottlenecks can be proactively identified and resolved before causing systemic disruptions.",1,AI
"Furthermore, systematic investigations reveal substantial correlations. Mental health awareness initiatives emphasize destigmatizing psychiatric conditions and expanding access to evidence-based psychological support. Integrative treatment modalities combining behavioral therapy and lifestyle adjustments yield favorable clinical outcomes. Ultimately, achieving sustainable outcomes requires ongoing coordination. Nutritional science emphasizes the consumption of balanced macronutrient profiles alongside diverse micronutrients and dietary fiber. Minimizing ultra-processed foods containing high sodium and refined sugars reduces long-term risks of metabolic disorders.",1,AI
"Furthermore, systematic investigations reveal substantial correlations. Edge computing processes computational tasks locally rather than relying exclusively on distant data centers. This paradigm significantly diminishes latency and bandwidth consumption, making it particularly advantageous for real-time applications. Ultimately, achieving sustainable outcomes requires ongoing coordination. Natural language processing has witnessed substantial milestones with the advent of transformer architectures. These architectures utilize self-attention mechanisms to weigh contextual token relationships across bidirectional contexts, yielding coherent textual synthesis.",1,AI
"Languages carry unique worldviews. Untranslatable words like 'saudade' or 'jugaad' prove that human culture can't be compressed into standardized dictionary definitions. Honestly, thinking about it now, that's just how life goes. Honestly, I spent three hours yesterday just trying to get this printer to connect to my Wi-Fi. Every time tech promises to make our lives seamless, we end up staring at blinking lights wondering why Bluetooth suddenly decided to give up on us.",0,Human
"The monsoon this year felt completely erratic. Usually, June brings steady downpours, but this time we got three weeks of scorching heat followed by two days of flash floods that submerged the ground floor parking.",0,Human
"Furthermore, systematic investigations reveal substantial correlations. Digital literacy is an indispensable competency within twenty-first-century educational curricula. Equipping learners with information verification skills and algorithmic awareness enables critical navigation of information ecosystems. Ultimately, achieving sustainable outcomes requires ongoing coordination. Collaborative learning environments foster critical thinking and interpersonal communication skills among academic cohorts. Group discussions and peer review processes encourage students to evaluate multifaceted perspectives and construct well-reasoned arguments.",1,AI
"Chronic physiological stress elevates systemic cortisol levels, potentially impairing immune function and cardiovascular health. Incorporating structured relaxation techniques, such as mindfulness meditation, assists in mitigating autonomic nervous system arousal.",1,AI
"Furthermore, systematic investigations reveal substantial correlations. Climate change poses significant ecological and economic risks to global sustainability. Rising greenhouse gas emissions have catalyzed global temperature anomalies, leading to accelerated glacial retreat and frequent meteorological extremes. Addressing this imperative necessitates coordinated multilateral interventions. Ultimately, achieving sustainable outcomes requires ongoing coordination. Edge computing processes computational tasks locally rather than relying exclusively on distant data centers. This paradigm significantly diminishes latency and bandwidth consumption, making it particularly advantageous for real-time applications.",1,AI
"Group projects are an unpaid lesson in human psychology. One person does 90 percent of the research, one formats the slides, and two show up on presentation day smiling like they co-authored the thesis. Honestly, thinking about it now, that's just how life goes. Internship hunting in your third year feels like an endless loop of uploading your resume into portals that ask you to manually re-type every single section of the resume you just uploaded.",0,Human
"Universal design in learning emphasizes inclusive instructional strategies that accommodate diverse cognitive and sensory learning requirements. Accessible instructional media ensures equitable educational access for all learners. In addition to these considerations, it is crucial to analyze the broader implications. Lifelong learning has become a prerequisite for career progression within rapidly evolving knowledge economies. Continuing education modules and modular credentials enable professionals to acquire emergent skills throughout their careers.",1,AI
"Furthermore, systematic investigations reveal substantial correlations. Artificial intelligence has emerged as a transformative paradigm across modern industries. By leveraging complex statistical patterns and machine learning algorithms, modern systems can process unstructured data with remarkable efficiency. Furthermore, continuous advances in computational hardware have accelerated deployment cycles. Ultimately, achieving sustainable outcomes requires ongoing coordination. Linguistic typology studies structural and grammatical variation across world languages. Comparative linguistics reveals systemic morphological evolutions and historical migration pathways across language families.",1,AI
"I was talking to a friend about this exact thing recently. City parks are not just aesthetic decorations; they are literal lifelines for urban sanity. If I can't sit under a neem or banyan tree after eight hours of Excel spreadsheets, my brain fries. To be frank, it really makes you reconsider your habits. Recycling plastic feels like a personal guilt trip pushed on consumers while massive manufacturing corporations dump tons of untreated runoff into rivers every single hour.",0,Human
"Furthermore, systematic investigations reveal substantial correlations. Collaborative learning environments foster critical thinking and interpersonal communication skills among academic cohorts. Group discussions and peer review processes encourage students to evaluate multifaceted perspectives and construct well-reasoned arguments. Ultimately, achieving sustainable outcomes requires ongoing coordination. Atmospheric particulate matter, specifically PM2.5, contributes significantly to respiratory and cardiovascular mortality rates in industrial corridors. Stricter emissions compliance and low-emission transit alternatives are vital for public health preservation.",1,AI
"When evaluating modern paradigms, several interconnected factors emerge. Philosophical discourse concerning ethical theory distinguishes between deontological imperatives, consequentialist outcomes, and virtue ethics. Analyzing moral dilemmas through these frameworks clarifies fundamental principles governing societal justice. Consequently, experts emphasize the need for balanced strategies. Linguistic typology studies structural and grammatical variation across world languages. Comparative linguistics reveals systemic morphological evolutions and historical migration pathways across language families.",1,AI
"Experiential learning bridges theoretical knowledge and practical execution by engaging learners in authentic problem-solving scenarios. Laboratory simulations and field internships provide invaluable context for abstract academic principles. In addition to these considerations, it is crucial to analyze the broader implications. Universal design in learning emphasizes inclusive instructional strategies that accommodate diverse cognitive and sensory learning requirements. Accessible instructional media ensures equitable educational access for all learners.",1,AI
"Here is my hot take on this: Languages carry unique worldviews. Untranslatable words like 'saudade' or 'jugaad' prove that human culture can't be compressed into standardized dictionary definitions. And don't get me started on the rest of it! Honestly, I spent three hours yesterday just trying to get this printer to connect to my Wi-Fi. Every time tech promises to make our lives seamless, we end up staring at blinking lights wondering why Bluetooth suddenly decided to give up on us.",0,Human
"Natural language processing has witnessed substantial milestones with the advent of transformer architectures. These architectures utilize self-attention mechanisms to weigh contextual token relationships across bidirectional contexts, yielding coherent textual synthesis.",1,AI
"Artificial intelligence has emerged as a transformative paradigm across modern industries. By leveraging complex statistical patterns and machine learning algorithms, modern systems can process unstructured data with remarkable efficiency. Furthermore, continuous advances in computational hardware have accelerated deployment cycles.",1,AI
"Here is my hot take on this: Online lectures during the pandemic were surreal. Half the class had their cameras turned off, somebody's dog was barking in the background, and the professor spoke while muted for fifteen whole minutes. And don't get me started on the rest of it! Standardized entrance exams measure speed and test-taking tricks far more than actual curiosity or deep conceptual mastery. It burns kids out before they even choose a career.",0,Human
Here is my hot take on this: I changed my major twice before figuring out what I actually wanted to work on. Society rushes 18-year-olds into lifetime decisions way too early. And don't get me started on the rest of it! There's nothing quite like street-side pani puri on a humid evening. The crisp puri bursting with spicy tangy mint water instantly wipes out a stressful workday.,0,Human
"Dramatic theater provides an immersive medium for exploring existential dilemmas, interpersonal conflict, and societal critique. The synthesis of stagecraft, vocal delivery, and narrative drama produces cathartic audience experiences. In addition to these considerations, it is crucial to analyze the broader implications. The integration of Internet of Things (IoT) sensors within smart infrastructure enables automated monitoring and predictive maintenance. Consequently, operational bottlenecks can be proactively identified and resolved before causing systemic disruptions.",1,AI
"I changed my major twice before figuring out what I actually wanted to work on. Society rushes 18-year-olds into lifetime decisions way too early. Honestly, thinking about it now, that's just how life goes. There's nothing quite like street-side pani puri on a humid evening. The crisp puri bursting with spicy tangy mint water instantly wipes out a stressful workday.",0,Human
"I remember sitting in the library basement surrounded by photocopied lecture notes, trying to decipher handwriting from three weeks ago. College pre-exam stress is a distinct brand of chaos. Honestly, thinking about it now, that's just how life goes. Hands-on lab experiments teach you twice as much as three textbook derivations. When a circuit actually smokes because you wired a resistor wrong, you never forget Ohm's law again.",0,Human
Software containerization via tools like Docker and Kubernetes streamlines application deployment across heterogeneous environments. This methodology fosters modular development practices and facilitates robust microservices architecture.,1,AI
"A museum without proper context is just a warehouse of old relics. But when a good curator tells the human story behind a rusty bronze coin, history suddenly comes alive.",0,Human
"When evaluating modern paradigms, several interconnected factors emerge. Nutritional science emphasizes the consumption of balanced macronutrient profiles alongside diverse micronutrients and dietary fiber. Minimizing ultra-processed foods containing high sodium and refined sugars reduces long-term risks of metabolic disorders. Consequently, experts emphasize the need for balanced strategies. Mental health awareness initiatives emphasize destigmatizing psychiatric conditions and expanding access to evidence-based psychological support. Integrative treatment modalities combining behavioral therapy and lifestyle adjustments yield favorable clinical outcomes.",1,AI
"Black and white cinema holds a dramatic weight that saturated 4K CGI often misses. When light and shadow do all the storytelling, every facial flicker matters. Honestly, thinking about it now, that's just how life goes. A museum without proper context is just a warehouse of old relics. But when a good curator tells the human story behind a rusty bronze coin, history suddenly comes alive.",0,Human
"Furthermore, systematic investigations reveal substantial correlations. Cybersecurity protocols must continuously evolve to address emerging cryptographic challenges. Multi-factor authentication, endpoint encryption, and automated intrusion detection systems play a crucial role in safeguarding sensitive user information. Ultimately, achieving sustainable outcomes requires ongoing coordination. Artificial intelligence has emerged as a transformative paradigm across modern industries. By leveraging complex statistical patterns and machine learning algorithms, modern systems can process unstructured data with remarkable efficiency. Furthermore, continuous advances in computational hardware have accelerated deployment cycles.",1,AI
The best professors aren't the ones who know the most formulas; they are the ones who can explain why a formula actually matters without making you feel stupid for asking a basic question.,0,Human
"Collaborative learning environments foster critical thinking and interpersonal communication skills among academic cohorts. Group discussions and peer review processes encourage students to evaluate multifaceted perspectives and construct well-reasoned arguments. In addition to these considerations, it is crucial to analyze the broader implications. Digital literacy is an indispensable competency within twenty-first-century educational curricula. Equipping learners with information verification skills and algorithmic awareness enables critical navigation of information ecosystems.",1,AI
"Cramming four chapters of operational research the night before the semester exam is a rite of passage no engineering student escapes. You swear you'll study early next semester, but you never do. Honestly, thinking about it now, that's just how life goes. I remember sitting in the library basement surrounded by photocopied lecture notes, trying to decipher handwriting from three weeks ago. College pre-exam stress is a distinct brand of chaos.",0,Human
"Furthermore, systematic investigations reveal substantial correlations. Renewable energy systems, including photovoltaic solar arrays and wind turbines, are pivotal in transitioning toward carbon-neutral infrastructure. Moreover, investment in battery energy storage systems addresses the intermittency challenges inherent to renewable generation. Ultimately, achieving sustainable outcomes requires ongoing coordination. Software containerization via tools like Docker and Kubernetes streamlines application deployment across heterogeneous environments. This methodology fosters modular development practices and facilitates robust microservices architecture.",1,AI
"I was talking to a friend about this exact thing recently. Going to the gym consistently is 80 percent mental resistance. Once you put your running shoes on and step through the door, the workout itself is never as bad as lying on the couch dreading it. To be frank, it really makes you reconsider your habits. Making sourdough bread taught me patience like nothing else. You feed a flour-and-water paste for a week, wait twelve hours for dough proofing, and if the temperature drops two degrees, your loaf turns into a doorstop.",0,Human
"When evaluating modern paradigms, several interconnected factors emerge. The circular economy model seeks to decouple economic growth from finite resource extraction. By prioritizing durable product design, modular repairability, and comprehensive recycling streams, industrial systems can dramatically minimize aggregate waste generation. Consequently, experts emphasize the need for balanced strategies. Deforestation in tropical rainforests diminishes global carbon sequestration capacity and accelerates species extinction rates. Implementing satellite-based canopy monitoring and enforcing sustainable land-use regulations are indispensable components of international conservation strategies.",1,AI
"Nutritional science emphasizes the consumption of balanced macronutrient profiles alongside diverse micronutrients and dietary fiber. Minimizing ultra-processed foods containing high sodium and refined sugars reduces long-term risks of metabolic disorders. In addition to these considerations, it is crucial to analyze the broader implications. Mental health awareness initiatives emphasize destigmatizing psychiatric conditions and expanding access to evidence-based psychological support. Integrative treatment modalities combining behavioral therapy and lifestyle adjustments yield favorable clinical outcomes.",1,AI
"When evaluating modern paradigms, several interconnected factors emerge. The integration of Internet of Things (IoT) sensors within smart infrastructure enables automated monitoring and predictive maintenance. Consequently, operational bottlenecks can be proactively identified and resolved before causing systemic disruptions. Consequently, experts emphasize the need for balanced strategies. Autonomous vehicles utilize a combination of computer vision, LiDAR, and radar telemetry to navigate dynamic traffic environments. It is worth noting that sensor fusion algorithms are essential for synthesizing disparate sensory inputs into accurate spatial maps.",1,AI
"When evaluating modern paradigms, several interconnected factors emerge. Water resource management requires balanced allocations between agricultural demands, industrial consumption, and domestic sanitation. Automated telemetry systems assist municipal planners in optimizing water delivery networks efficiently. Consequently, experts emphasize the need for balanced strategies. Assessment methodologies are increasingly incorporating formative evaluation frameworks alongside traditional summative examinations. This balanced approach provides continuous feedback mechanisms that support incremental learning outcomes.",1,AI
"I was talking to a friend about this exact thing recently. I planted three saplings along our boundary wall five years ago. Today they are taller than our second-floor balcony, filled with sparrows every evening. To be frank, it really makes you reconsider your habits. I hate how fast fashion dominates every shopping mall now. Shirts that fall apart after two washes and shed polyester microfibers into the water supply are sold as trendy disposable commodities.",0,Human
"Walking through the woods near my childhood home, I noticed the creek where we used to catch tadpoles has completely dried into a muddy trench. It's heartbreaking to see changes happen right before your eyes within a single decade. Honestly, thinking about it now, that's just how life goes. The monsoon this year felt completely erratic. Usually, June brings steady downpours, but this time we got three weeks of scorching heat followed by two days of flash floods that submerged the ground floor parking.",0,Human
"Electric vehicles are a step forward, sure, but what happens to the massive lithium batteries fifteen years down the road? We need circular recycling, not just trading one extraction mess for another. Honestly, thinking about it now, that's just how life goes. Cramming four chapters of operational research the night before the semester exam is a rite of passage no engineering student escapes. You swear you'll study early next semester, but you never do.",0,Human
"When evaluating modern paradigms, several interconnected factors emerge. Workplace ergonomics promotes musculoskeletal health by optimizing posture, workstation arrangement, and task distribution. Implementing ergonomic standards substantially decreases occupational strain injuries and improves workplace productivity. Consequently, experts emphasize the need for balanced strategies. Immunization programs constitute one of the most cost-effective public health interventions in modern medicine. Herd immunity thresholds protect vulnerable populations from infectious pathologies through systematic vaccination coverage.",1,AI
"Dramatic theater provides an immersive medium for exploring existential dilemmas, interpersonal conflict, and societal critique. The synthesis of stagecraft, vocal delivery, and narrative drama produces cathartic audience experiences.",1,AI
"Furthermore, systematic investigations reveal substantial correlations. Architectural heritage serves as tangible evidence of civilizational achievements, aesthetic philosophies, and engineering prowess. Conserving historical monuments ensures cultural continuity and enriches our understanding of ancestral societies. Ultimately, achieving sustainable outcomes requires ongoing coordination. Literary narratives reflect the socio-political dynamics and philosophical inquiries of their respective historical epochs. Authors employ figurative language, thematic allegory, and character arcs to interrogate cultural values and human motivations.",1,AI
"Microbiome research underscores the intricate bidirectional communication pathway between gut flora and neurological systems. Consuming prebiotic fibers and fermented foods supports microbial diversity, conferring systemic physiological benefits.",1,AI
"Furthermore, systematic investigations reveal substantial correlations. Lifelong learning has become a prerequisite for career progression within rapidly evolving knowledge economies. Continuing education modules and modular credentials enable professionals to acquire emergent skills throughout their careers. Ultimately, achieving sustainable outcomes requires ongoing coordination. Universal design in learning emphasizes inclusive instructional strategies that accommodate diverse cognitive and sensory learning requirements. Accessible instructional media ensures equitable educational access for all learners.",1,AI
"Morning routines with twenty-five steps recommended by productivity influencers are absurd. Get out of bed, wash your face, drink some water, and get to work. Honestly, thinking about it now, that's just how life goes. Visiting ancient stone temples carved out of single granite boulders makes modern steel architecture look oddly transient. How did artisans without lasers carve such perfect symmetries a thousand years ago?",0,Human
"The open-source community is truly one of humanity's finest achievements. Complete strangers across continents collaborating for free just to build Linux or Blender because they genuinely love building things. Honestly, thinking about it now, that's just how life goes. Walking through the woods near my childhood home, I noticed the creek where we used to catch tadpoles has completely dried into a muddy trench. It's heartbreaking to see changes happen right before your eyes within a single decade.",0,Human
"Furthermore, systematic investigations reveal substantial correlations. The integration of Internet of Things (IoT) sensors within smart infrastructure enables automated monitoring and predictive maintenance. Consequently, operational bottlenecks can be proactively identified and resolved before causing systemic disruptions. Ultimately, achieving sustainable outcomes requires ongoing coordination. Dramatic theater provides an immersive medium for exploring existential dilemmas, interpersonal conflict, and societal critique. The synthesis of stagecraft, vocal delivery, and narrative drama produces cathartic audience experiences.",1,AI
"Cramming four chapters of operational research the night before the semester exam is a rite of passage no engineering student escapes. You swear you'll study early next semester, but you never do.",0,Human
"I was talking to a friend about this exact thing recently. There's nothing quite like street-side pani puri on a humid evening. The crisp puri bursting with spicy tangy mint water instantly wipes out a stressful workday. To be frank, it really makes you reconsider your habits. I changed my major twice before figuring out what I actually wanted to work on. Society rushes 18-year-olds into lifetime decisions way too early.",0,Human
Collaborative learning environments foster critical thinking and interpersonal communication skills among academic cohorts. Group discussions and peer review processes encourage students to evaluate multifaceted perspectives and construct well-reasoned arguments.,1,AI
"I'm not completely convinced that automated driving is ready for Indian roads or rush hour anywhere. Have you seen how people cut across three lanes without warning? An algorithm would freeze up from pure panic in five seconds. Honestly, thinking about it now, that's just how life goes. I deleted Instagram last month, and to be honest, my attention span improved almost immediately. I don't feel that nagging urge to document my morning oatmeal anymore.",0,Human
"Furthermore, systematic investigations reveal substantial correlations. Quantum computing represents a fundamental departure from classical binary computation. Utilizing qubits that exist in superposition states, quantum processors possess the potential to solve intractable optimization problems efficiently. Ultimately, achieving sustainable outcomes requires ongoing coordination. Blockchain technology offers a decentralized ledger system characterized by immutability and cryptographic verification. By eliminating centralized intermediaries, smart contracts facilitate transparent transactions across peer-to-peer networks.",1,AI
"Furthermore, systematic investigations reveal substantial correlations. Hydration is critical for cellular metabolic processes, thermoregulation, and joint lubrication. Adequate daily fluid intake ensures the preservation of cognitive alertness and renal physiological function. Ultimately, achieving sustainable outcomes requires ongoing coordination. Circadian rhythm synchronization plays a fundamental role in maintaining hormonal regulation, immune function, and cellular repair processes. Maintaining consistent sleep hygiene schedules supports optimal cognitive performance.",1,AI
"Here is my hot take on this: Honestly, I spent three hours yesterday just trying to get this printer to connect to my Wi-Fi. Every time tech promises to make our lives seamless, we end up staring at blinking lights wondering why Bluetooth suddenly decided to give up on us. And don't get me started on the rest of it! We keep building smart gadgets for things nobody asked for. A smart toaster that sends push notifications to my phone when bread is browned? Why? Just look inside the slot with your own eyes!",0,Human
